-- phpMyAdmin SQL Dump
-- version 4.7.4
-- https://www.phpmyadmin.net/
--
-- Hôte : 127.0.0.1:3306
-- Généré le :  mar. 26 mai 2020 à 15:38
-- Version du serveur :  5.7.19
-- Version de PHP :  7.1.9

SET SQL_MODE = "NO_AUTO_VALUE_ON_ZERO";
SET AUTOCOMMIT = 0;
START TRANSACTION;
SET time_zone = "+00:00";


/*!40101 SET @OLD_CHARACTER_SET_CLIENT=@@CHARACTER_SET_CLIENT */;
/*!40101 SET @OLD_CHARACTER_SET_RESULTS=@@CHARACTER_SET_RESULTS */;
/*!40101 SET @OLD_COLLATION_CONNECTION=@@COLLATION_CONNECTION */;
/*!40101 SET NAMES utf8mb4 */;

--
-- Base de données :  `aom`
--

-- --------------------------------------------------------

--
-- Structure de la table `aom_age`
--

DROP TABLE IF EXISTS `aom_age`;
CREATE TABLE IF NOT EXISTS `aom_age` (
  `idAge` int(1) NOT NULL AUTO_INCREMENT,
  `nomAge` varchar(25) NOT NULL,
  PRIMARY KEY (`idAge`)
) ENGINE=InnoDB AUTO_INCREMENT=5 DEFAULT CHARSET=utf8;

--
-- Déchargement des données de la table `aom_age`
--

INSERT INTO `aom_age` (`idAge`, `nomAge`) VALUES
(1, 'Archaïque'),
(2, 'Classique'),
(3, 'Héroïque'),
(4, 'Mythique');

-- --------------------------------------------------------

--
-- Structure de la table `aom_amelioration`
--

DROP TABLE IF EXISTS `aom_amelioration`;
CREATE TABLE IF NOT EXISTS `aom_amelioration` (
  `idAmelioration` int(3) NOT NULL AUTO_INCREMENT,
  `nomAmelioration` varchar(40) NOT NULL,
  `descriptionAmelioration` varchar(255) DEFAULT NULL,
  `coutNourriture` int(5) NOT NULL,
  `coutBois` int(5) NOT NULL,
  `coutOr` int(5) NOT NULL,
  `coutFaveur` int(5) NOT NULL,
  `idBatimentConcerne` int(3) NOT NULL,
  `idDieu` int(11) DEFAULT NULL,
  `imgAmelioration` varchar(255) DEFAULT NULL,
  PRIMARY KEY (`idAmelioration`),
  KEY `FK_idBatimentAmelioration` (`idBatimentConcerne`),
  KEY `FK_idDieuAmelioration` (`idDieu`)
) ENGINE=InnoDB AUTO_INCREMENT=463 DEFAULT CHARSET=utf8;

--
-- Déchargement des données de la table `aom_amelioration`
--

INSERT INTO `aom_amelioration` (`idAmelioration`, `nomAmelioration`, `descriptionAmelioration`, `coutNourriture`, `coutBois`, `coutOr`, `coutFaveur`, `idBatimentConcerne`, `idDieu`, `imgAmelioration`) VALUES
(1, 'Parenté olympique', 'Le sang de Zeus fait que les héros ont plus de points de vie.', 200, 0, 0, 10, 7, 1, 'parente_olympique.png'),
(2, 'Hache à main', 'Les villageois amassent le bois plus rapidement et peuvent en porter davantage.', 120, 0, 50, 0, 2, NULL, 'hache_a_main.png'),
(3, 'Pic', 'Les villageois amassent l\'or plus rapidement et peuvent en porter davantage.', 50, 120, 0, 0, 2, NULL, 'pic.png'),
(4, 'Élevage', 'Les troupeaux engraissent plus vite. Les villageois portent davantage de nourriture et amassent plus rapidement la nourriture provenant des troupeaux.', 0, 100, 50, 0, 3, NULL, 'elevage.png'),
(5, 'Chiens de chasse', 'Les villageois amassent de la nourriture provenant des animaux chassés plus vite.', 0, 100, 100, 0, 3, NULL, 'chiens_de_chasse.png'),
(6, 'Labyrinthe de Minos', 'Athéna transforme les minotaures en minotaures taureaux qui sont plus économiques et plus puissants.', 0, 250, 0, 20, 7, 4, 'labyrinthe_de_minos.png'),
(7, 'Bouclier d\'Aegis', 'Athéna rend l\'infanterie plus résistante aux attaques par armes perçantes, telles les flèches.', 0, 300, 0, 15, 7, 4, 'bouclier_d_aegis.png'),
(8, 'Sarisse', 'La technologie d\'Athéna améliore l\'armure des hoplites contre les armes tranchantes.', 0, 200, 0, 15, 7, 4, 'sarisse.png'),
(9, 'Science de la forêt', 'Hermès améliore les centaures en les transformant en centaures polémarques, qui sont plus rapides et ont plus de points de vie.', 0, 300, 0, 20, 7, 5, 'science_de_la_foret.png'),
(10, 'Charge fougueuse', 'Hermès augmente la vitesse et l\'attaque de la cavalerie.', 250, 0, 0, 25, 7, 5, 'charge_fougueuse.png'),
(11, 'Messager ailé', 'Grâce à Hermès, vos pégases n\'ont plus besoin de manger, s\'entraînent plus vite et bénéficient d\'un meilleur champ de vision.', 0, 0, 50, 10, 7, 5, 'messager_aile.png'),
(12, 'Volonté de Cronos', 'Arès transforme vos cyclopes en cyclopes aînés qui s\'entraînent plus rapidement et font davantage de dégâts.', 200, 0, 0, 15, 7, 6, 'volonte_de_cronos.png'),
(13, 'Lance de panique de Phobos', 'Arès prête la lance de panique pour augmenter l\'attaque des hoplites.', 200, 0, 0, 15, 7, 6, 'lance_de_panique_de_phobos.png'),
(14, 'Épée de la terreur de Deimos', 'Arès prête l\'épée de terreur aux hypaspistes augmantant leur potentiel d\'attaque.', 200, 0, 0, 10, 7, 6, 'epee_de_la_terreur_de_deimos.png'),
(15, 'Arc de l\'horreur d\'Enyo', 'Arès prête l\'arc de l\'horreur aux taxiarques, augmentant leur potentiel d\'attaque.', 0, 0, 200, 15, 7, 6, 'arc_de_l_horreur_d_enyo.png'),
(16, 'Maçons', 'Améliore les points de vie des bâtiments et accroît leur résistance aux armes écrasantes, telles les armes de siège.', 200, 300, 0, 0, 1, NULL, 'macons.png'),
(17, 'Scie à archet', 'Les villageois amassent le bois plus rapidement et peuvent en porter davantage.', 250, 0, 150, 0, 2, NULL, 'scie_a_archet.png'),
(18, 'Puits de forage', 'Les villageois amassent l\'or plus rapidement et peuvent en porter davantage.', 150, 250, 0, 0, 2, NULL, 'puits_de_forage.png'),
(19, 'Charrue', 'Les villageois amassent la nourriture des fermes plus vite.', 0, 50, 100, 0, 3, NULL, 'charrue.png'),
(20, 'Filet cernant', 'Les navires de pêche pêchent davantage de poissons.', 0, 150, 150, 0, 4, NULL, 'filet_cernant.png'),
(21, 'Pont clos', 'Augmente la capacité de charge des navires de transport.', 200, 200, 0, 0, 4, NULL, 'pont_clos.png'),
(22, 'Flotte héroïque', 'Les dieux rendent tous vos navires plus efficaces contre les unités mythiques.', 200, 200, 0, 15, 4, NULL, 'flotte_heroique.png'),
(23, 'Mur de pierre', 'Améliore l\'armure, le champ de vision et les points de vie des murs.', 200, 0, 200, 0, 5, NULL, 'mur_de_pierre.png'),
(24, 'Tour de guet', 'Permet à vos tours d\'attaquer à portée.', 0, 200, 100, 0, 8, NULL, 'tour_de_guet.png'),
(25, 'Feux de signalisation', 'Augmente le champs de vision de tous les bâtiments.', 0, 150, 0, 0, 8, NULL, 'feux_de_signalisation.png'),
(26, 'Créneaux', 'Les attaques des bâtiments peuvent toucher les cibles en mouvement plus facilement. Les tours infligent davantage de dégâts à la cavalerie.', 150, 150, 0, 0, 8, NULL, 'creneaux.png'),
(27, 'Infanterie moyenne', 'L\'infanterie devient infanterie moyenne, avec plus de points de vie et d\'attaque.', 150, 0, 150, 0, 9, NULL, 'infanterie_moyenne.png'),
(28, 'Archers moyens', 'Les archers deviennent des archers moyens, avec plus de points de vie et d\'attaque.', 0, 150, 150, 0, 10, NULL, 'archers_moyens.png'),
(29, 'Cavalerie moyenne', 'La cavalerie devient cavalerie moyenne, avec plus de points de vie et d\'attaque.', 200, 0, 100, 0, 11, NULL, 'cavalerie_moyenne.png'),
(30, 'Armes en cuivre', 'Améliore l\'attaque de tous les soldats, navires et bâtiments humains.', 200, 0, 200, 0, 12, NULL, 'armes_en_cuivre.png'),
(31, 'Maille en cuivre', 'Soldats et navires humains plus résistants aux attaques par armes tranchantes, telles les épées.', 150, 0, 150, 0, 12, NULL, 'maille_en_cuivre.png'),
(32, 'Boucliers en cuivre', 'Soldats et navires humains plus résistants aux attaques par armes perçantes, telles les flèches.', 0, 150, 150, 0, 12, NULL, 'boucliers_en_cuivre.png'),
(33, 'Oracle', 'Apollon améliore le champ de vision des unités et des bâtiments.', 0, 150, 0, 10, 7, 7, 'oracle.png'),
(34, 'Temple de soins', 'Apollon permet à votre temple de soigner les unités à proximité.', 0, 0, 150, 12, 7, 7, 'temple_de_soins.png'),
(35, 'Rayon de soleil', 'Apollon augmente l\'attaque des archers, des peltastes, des manticores et des centaures.', 0, 0, 200, 20, 7, 7, 'rayon_de_soleil.png'),
(36, 'Bacchanales', 'Dionysos améliore les points de vie de toutes les unités d\'une petite quantité.', 0, 300, 0, 20, 7, 8, 'bacchanales.png'),
(37, 'Chevaux de Thrace', 'Dionysos envoie les chevaux carnivores de Thrace qui améliorent les points de vie de la cavalerie.', 300, 0, 0, 30, 7, 8, 'chevaux_de_thrace.png'),
(38, 'Anastrophe', 'Dionysos améliore la vitesse d\'attaque, de déplacement et d\'entraînement des pentecontères équipés de béliers.', 300, 0, 0, 15, 7, 8, 'anastrophe.png'),
(39, 'Sang divin', 'Aphrodite permet aux villageois de se déplacer et de construire plus rapidement, et de porter de plus lourdes charges.', 200, 0, 0, 30, 7, 9, 'sang_divin.png'),
(40, 'Pommes d\'or', 'Aphrodite fait en sorte que les villageois obtiennent des faveurs des temples plus rapidement.', 200, 0, 150, 0, 7, 9, 'pommes_d_or.png'),
(41, 'Hurlement d\'Othros', 'Aphrodite améliore l\'armure anti-armes tranchantes et perçantes de vos lions néméens.', 300, 0, 0, 20, 7, 9, 'hurlement_d_othros.png'),
(42, 'Architectes', 'Améliore les points de vie des bâtiments et accroît leur résistance aux armes écrasantes telles les armes de siège.', 400, 500, 0, 0, 1, NULL, 'architectes.png'),
(43, 'Forum fortifié', 'Augmente les points de vie, l\'attaque et la portée de vos forums et leur permet d\'accepter 5 unités de population supplémentaires.', 0, 400, 400, 0, 1, NULL, 'forum_fortifie.png'),
(44, 'Charpentiers', 'Les villageois amassent le bois plus rapidement et peuvent en porter davantage.', 300, 0, 200, 0, 2, NULL, 'charpentiers.png'),
(45, 'Carrière', 'Les villageois amassent l\'or plus rapidement et peuvent en porter davantage.', 200, 300, 0, 0, 2, NULL, 'carriere.png'),
(46, 'Irrigation', 'Les villageois amassent la nourriture des fermes plus vite.', 0, 150, 250, 0, 3, NULL, 'irrigation.png'),
(47, 'Amphore de sel', 'Les navires de pêche pêchent plus de poissons et en transportent plus.', 0, 150, 250, 0, 4, NULL, 'amphore_de_sel.png'),
(48, 'Bardage de navire flèche', 'Transforme vos navires flèches en navire flèches lourds, avec plus de points de vie, de portée, et d\'attaque.', 0, 200, 200, 0, 4, NULL, 'bardage_de_navire_fleche.png'),
(49, 'Mur fortifié', 'Augmente les points de vie du mur.', 500, 0, 400, 0, 5, NULL, 'mur_fortifie.png'),
(50, 'Tour de garde', 'L\'attaque et les points de vie des tours sont augmentés.', 0, 300, 300, 0, 8, NULL, 'tour_de_garde.png'),
(51, 'Pigeons voyageurs', 'Augmente le champ de vision de tous les bâtiments', 0, 400, 0, 0, 8, NULL, 'pigeons_voyageurs.png'),
(52, 'Huile bouillante', 'Permet aux tours, migdols, oppidums, forteresses et palais d\'attaquer les unités se trouvant en dessous d\'eux.', 100, 300, 0, 0, 8, NULL, 'huile_bouillante.png'),
(53, 'Infanterie lourde', 'L\'infanterie devient infanterie lourde, avec plus de points de vie et d\'attaque.', 300, 0, 300, 0, 9, NULL, 'infanterie_lourde.png'),
(54, 'Infanterie enrôlée', 'L\'infanterie s\'entraîne plus rapidement', 300, 0, 0, 0, 9, NULL, 'infanterie_enrolee.png'),
(55, 'Archers lourds', 'Les archers deviennent des archers lourds, avec plus de points de vie et d\'attaque.', 0, 300, 300, 0, 10, NULL, 'archers_lourds.png'),
(56, 'Archers enrôlés', 'Les archers s\'entraînent plus rapidement', 300, 0, 0, 0, 10, NULL, 'archers_enroles.png'),
(57, 'Cavalerie lourde', 'La cavalerie devient cavalerie lourde, avec plus de points de vie et d\'attaque.', 400, 0, 200, 0, 11, NULL, 'cavalerie_lourde.png'),
(58, 'Cavalerie enrôlée', 'La cavalerie s\'entraîne plus rapidement', 300, 0, 0, 0, 11, NULL, 'cavalerie_enrolee.png'),
(59, 'Armes en bronze', 'Améliore l\'attaque de tous les soldats, navires, et bâtiments humains.', 300, 0, 300, 0, 12, NULL, 'armes_en_bronze.png'),
(60, 'Maille en bronze', 'Soldats et navires humains sont plus résistants aux attaques par armes tranchantes, telles les épées.', 300, 0, 200, 0, 12, NULL, 'maille_en_bronze.png'),
(61, 'Boucliers en bronze', 'Soldats et navires humains plus résistants aux attaques par armes perçantes, telles les flèches.', 0, 300, 200, 0, 12, NULL, 'boucliers_en_bronze.png'),
(62, 'Ambassadeurs', 'Réduit la somme du tribut à payer au marché.', 0, 0, 250, 0, 14, NULL, 'ambassadeurs.png'),
(63, 'Percepteurs', 'Réduit le coût de l\'achat ou de la vente de ressources au marché.', 200, 0, 200, 0, 14, NULL, 'percepteurs.png'),
(64, 'Chevaux du détachement', 'Vitesse d\'arme de siège augmentée.', 300, 0, 200, 0, 15, NULL, 'chevaux_du_detachement.png'),
(65, 'Poing de Talos', 'Héphaïstos renforce les colosses, les transformant en colosses d\'argent avec plus de points de vie.', 0, 300, 0, 20, 7, 10, 'poing_de_talos.png'),
(66, 'Épaule de Talos', 'Héphaïstos renforce les colosses d\'argent, les transformant en colosses d\'or avec plus de points de vie', 0, 0, 300, 20, 7, 10, 'epaule_de_talos.png'),
(67, 'Forge d\'Olympe', 'Héphaïstos emploie sa forge d\'Olympe pour réduire le coût de toutes les améliorations de l\'armurerie.', 0, 0, 300, 30, 7, 10, 'forge_d_olympe.png'),
(68, 'Arme des Titans', 'Héphaïstos améliore l\'attaque des hétairois, des myrmidons, et des gastraphètes.', 0, 0, 300, 20, 7, 10, 'arme_des_titans.png'),
(69, 'Mur athénien', 'Héra attribue des points de vie supplémentaires au bâtiments.', 0, 300, 0, 20, 7, 11, 'mur_athenien.png'),
(70, 'Visage de la Gorgone', 'Héra transforme les méduses en méduses matriarches avec plus de points de vie.', 0, 300, 0, 20, 7, 11, 'visage_de_la_gorgone.png'),
(71, 'Colère monstrueuse', 'Héra améliore les attaques par armes tranchantes, perçantes et écrasantes de vos unités mythiques.', 250, 0, 0, 25, 7, 11, 'colere_monstrueuse.png'),
(72, 'Flèches de fléau', 'Artémis envoie à vos taxiarques et peltastes ses flèches de fléau, augmentant ainsi leur attaque.', 0, 0, 300, 30, 7, 12, 'fleches_de_fleau.png'),
(73, 'Flammes de Typhon', 'Artémis transforme les chimères en chimères tyran, qui possèdent davantage de points de vie et une attaque plus puissante.', 300, 0, 0, 20, 7, 12, 'flammes_de_typhon.png'),
(74, 'Triérarques', 'Artémis nomme des triérarques pour vos trirèmes, rendant ces bateaux plus résistants face aux navires de siège.', 0, 0, 200, 15, 7, 12, 'trierarques.png'),
(75, 'Contrôle des crues', 'Les villageois amassent la nourriture des fermes plus vite.', 0, 250, 350, 0, 3, NULL, 'controle_des_crues.png'),
(76, 'Oxybèles navales', 'Transforme vos navires de siège en navires de siège lourds, avec plus de points de vie et de portée.', 0, 500, 200, 0, 4, NULL, 'oxybeles_navales.png'),
(77, 'Bélier renforcé', 'Transforme vos navires marteau en navires marteau lourds avec plus de points de vie et d\'attaque.', 0, 300, 200, 0, 4, NULL, 'belier_renforce.png'),
(78, 'Marins conscrits', 'Les navires s\'entraînent plus vite.', 0, 500, 0, 0, 4, NULL, 'marins_conscrits.png'),
(79, 'Omniscience', 'Votre dieu vous accorde de voir toutes les unités ennemies. Ce pouvoir a un coût par unités ennemie.', 0, 0, 100, 0, 7, NULL, 'omniscience.png'),
(80, 'Infanterie championne', 'L\'infanterie devient infanterie championne, avec plus de points de vie et d\'attaque.', 500, 0, 400, 0, 9, NULL, 'infanterie_championne.png'),
(81, 'Infanterie conscrite', 'L\'infanterie s\'entraîne plus rapidement.', 500, 0, 0, 0, 9, NULL, 'infanterie_conscrite.png'),
(82, 'Archers champions', 'Les archers deviennent des archers champions, avec plus de points de vie et d\'attaque.', 0, 500, 400, 0, 10, NULL, 'archers_champions.png'),
(83, 'Archers conscrits', 'Les archers s\'entraînent plus rapidement.', 0, 500, 0, 0, 10, NULL, 'archers_conscrits.png'),
(84, 'Cavalerie championne', 'La cavalerie devient cavalerie championne, avec plus de points de vie et d\'attaque.', 700, 0, 200, 0, 11, NULL, 'cavalerie_championne.png'),
(85, 'Cavalerie conscrite', 'La cavalerie s\'entraîne plus rapidement.', 500, 0, 0, 0, 11, NULL, 'cavalerie_conscrite.png'),
(86, 'Armes en fer', 'Améliore l\'attaque de tous les soldats, navires, et bâtiments humains.', 600, 0, 600, 0, 12, NULL, 'armes_en_fer.png'),
(87, 'Maille en fer', 'Soldats et navires humains sont plus résistants aux attaques par armes tranchantes, telles que les épées.', 500, 0, 500, 0, 12, NULL, 'maille_en_fer.png'),
(88, 'Boucliers en fer', 'Soldats et navires humains sont plus résistants aux attaques par armes perçantes, telles que les flèches.', 0, 500, 400, 0, 12, NULL, 'boucliers_en_fer.png'),
(89, 'Goudron brûlant', 'Les archers, les navires flèches, les balistes et les chierobalistes tirent des projectiles enflammés, plus efficaces contre les bâtiments et les navires.', 0, 500, 300, 0, 12, NULL, 'goudron_brulant.png'),
(90, 'Monnaie', 'Augmente la vitesse des caravanes.', 0, 0, 200, 0, 14, NULL, 'monnaie.png'),
(91, 'Ingénieurs', 'Augmente l\'attaque et la portée des armes de siège, en particulier contre les murs.', 300, 0, 500, 0, 15, NULL, 'ingenieurs.png'),
(92, 'Exterminateur de bêtes', 'Les dieux grecs améliorent l\'attaque des hétairois, des myrmidons et des gastraphètes contre les unités mythiques.', 250, 0, 300, 0, 15, NULL, 'exterminateur_de_betes.png'),
(93, 'Crue du Nil', 'Isis fait que le Nil fournit de la nourriture gratuitement.', 0, 0, 135, 5, 27, 13, 'crue_du_nil.png'),
(94, 'Peau du rhinocéros', 'Râ améliore l\'armure anti-armes tranchantes, perçantes et contre les attaques à mains nues des villageois.', 50, 0, 0, 5, 27, 14, 'peau_du_rhinoceros.png'),
(95, 'Sauvage', 'Seth augmente les points de vie et améliore l\'attaque et l\'armure des animaux domestiqués ou appelés.', 0, 0, 100, 10, 27, 15, 'sauvage.png'),
(96, 'Hache à main', 'Les villageois amassent le bois plus rapidement et peuvent en porter davantage.', 120, 0, 50, 0, 19, NULL, 'hache_a_main.png'),
(97, 'Pic', 'Les villageois amassent l\'or plus rapidement et peuvent en porter davantage.', 50, 120, 0, 0, 20, NULL, 'pic.png'),
(98, 'Élevage', 'Les troupeaux engraissent plus vite. Les villageois portent davantage de nourriture et amassent plus rapidement la nourriture venant des troupeaux.', 0, 100, 50, 0, 21, NULL, 'elevage.png'),
(99, 'Chiens de chasse', 'Les villageois amassent de la nourriture provenant des animaux chassés plus vite.', 0, 100, 100, 0, 21, NULL, 'chiens_de_chasse.png'),
(100, 'Patte du chacal', 'Anubis améliore les points de vie, l\'attaque et la distance de saut des anubites.', 0, 0, 180, 10, 27, 16, 'patte_du_chacal.png'),
(101, 'Lance du serpent', 'Anubis concède à vos lanciers des armes envenimées, ce qui augmente leur attaque.', 225, 0, 0, 12, 27, 16, 'lance_de_serpent.png'),
(102, 'Nécropole', 'Anubis accélère la vitesse à laquelle les monuments génèrent des faveurs.', 0, 0, 162, 5, 27, 16, 'necropole.png'),
(103, 'Herminette de Wepwawet', 'Bastet permet aux villageois d\'abattre des arbres et d\'amasser du bois plus rapidement.', 0, 0, 90, 10, 27, 17, 'herminette_de_wepwawet.png'),
(104, 'Chats sacrés', 'Les chats de Bastet protègent les fermes de la vermine, leur permettant de produire plus rapidement de la nourriture.', 0, 0, 99, 10, 27, 17, 'chats_sacres.png'),
(105, 'Criosphinx', 'Bastet transforme les sphinx en criosphinx, avec plus de points de vie et d\'attaque.', 0, 135, 0, 5, 27, 17, 'criosphinx.png'),
(106, 'Sphinx hiératique', 'Bastet transforme les sphinx en sphinx hiératiques, avec plus de vitesse et d\'attaque.', 0, 180, 0, 10, 27, 17, 'sphinx_hieratique.png'),
(107, 'Shadouf', 'L\'invention de Ptah réduit le coût des fermes et permet aux villageois d\'accélérer leur construction.', 0, 150, 0, 10, 27, 18, 'shadouf.png'),
(108, 'Hache festonnée', 'L\'invention de Ptah augmente l\'attaque des hommes d\'armes.', 100, 0, 0, 10, 27, 18, 'hache_festonnee.png'),
(109, 'Bouclier à armature en cuir', 'L\'invention de Ptah améliore les armures anti-armes perçantes des lanciers.', 0, 200, 0, 15, 27, 18, 'bouclier_a_armature_en_cuir.png'),
(110, 'Balles d\'electrum', 'L\'invention de Ptah accroît les dégâts provoqués par les frondeurs.', 0, 0, 200, 10, 27, 18, 'balles_d_electrum.png'),
(111, 'Maçons', 'Améliore les points de vie des bâtiments et accroît leur résistance aux armes écrasantes, telles les armes de siège.', 200, 300, 0, 0, 18, NULL, 'macons.png'),
(112, 'Mains du pharaon', 'Elles permettent à vos prêtres de ramasser des reliques, et augmentent la portée de leurs attaques.', 0, 0, 75, 0, 18, NULL, 'mains_du_pharaon.png'),
(113, 'Scie à archet', 'Les villageois amassent du bois plus rapidement et peuvent en porter davantage.', 250, 0, 150, 0, 19, NULL, 'scie_a_archet.png'),
(114, 'Puits de forage', 'Les villageois peuvent amasser l\'or plus rapidement et en porter davantage.', 150, 250, 0, 0, 20, NULL, 'puits_de_forage.png'),
(115, 'Charrue', 'Les villageois amassent la nourriture des fermes plus vite.', 0, 50, 100, 0, 21, NULL, 'charrue.png'),
(116, 'Filet cernant', 'Les navires de pêche pêchent davantage de poisson.', 0, 150, 150, 0, 22, NULL, 'filet_cernant.png'),
(117, 'Pont clos', 'Augmente la capacité de charge des navires de transport.', 200, 200, 0, 0, 22, NULL, 'pont_clos.png'),
(118, 'Flotte héroïque', 'Les dieux rendent tous vos navires plus efficaces contre les unités mythiques.', 200, 200, 0, 15, 22, NULL, 'flotte_heroique.png'),
(119, 'Mur de pierre', 'Améliore l\'armure, le champ de vision et les points de vie des murs.', 200, 0, 200, 0, 23, NULL, 'mur_de_pierre.png'),
(120, 'Feux de signalisation', 'Augmente le champ de vision de tous les bâtiments.', 0, 150, 0, 0, 29, NULL, 'feux_de_signalisation.png'),
(121, 'Créneaux', 'Les attaques des bâtiments peuvent toucher les cibles en mouvement plus facilement. Les tours infligent davantage de dégâts à la cavalerie.', 150, 150, 0, 0, 29, NULL, 'creneaux.png'),
(122, 'Lanciers moyens', 'Les lanciers ont progressé et sont devenus lanciers moyens, avec plus de points de vie et d\'attaque.', 100, 0, 100, 0, 30, NULL, 'lanciers_moyens.png'),
(123, 'Lanceurs de hache moyens', 'Les lanceurs de hache ont progressé et sont devenus des lanceurs de hache moyens, avec plus de points de vie et d\'attaque.', 100, 0, 100, 0, 30, NULL, 'lanceurs_de_hache_moyens.png'),
(124, 'Frondeurs moyens', 'Les frondeurs ont progressé et sont devenus des frondeurs moyens, avec plus de points de vie et d\'attaque.', 0, 100, 100, 0, 30, NULL, 'frondeurs_moyens.png'),
(125, 'Fantassins à khopesh moyens', 'Les khopesh sont améliorés en fantassins à khopesh moyens, avec plus de points de vie et d\'attaque.', 100, 0, 100, 0, 30, NULL, 'fantassins_a_khopesh_moyens.png'),
(126, 'Armes en cuivre', 'Améiore l\'attaque de tous les soldats, navires et bâtiments humains.', 200, 0, 200, 0, 31, NULL, 'armes_en_cuivre.png'),
(127, 'Maille en cuivre', 'Soldats et navires humains plus résistants aux attaques par armes tranchantes, telles que les épées.', 150, 0, 150, 0, 31, NULL, 'maille_en_cuivre.png'),
(128, 'Boucliers en cuivre', 'Soldats et navires humains sont plus résistants aux attaques par armes perçantes, telles que les flèches.', 0, 150, 150, 0, 31, NULL, 'boucliers_en_cuivre.png'),
(129, 'Brique de boue séchée', 'Hathor augmente le nombre de points de vie des bâtiments et en réduit les coûts.', 0, 270, 0, 20, 27, 19, 'brique_de_boue_sechee.png'),
(130, 'Crocodilopolis', 'Hathor augmente la portée de Petesoukhos.', 0, 270, 0, 20, 27, 19, 'crocodilopolis.png'),
(131, 'Medjay', 'Hathor augmente la durée de vie des mercenaires.', 225, 0, 0, 25, 27, 19, 'medjay.png'),
(132, 'Esprit de Maat', 'Nephtys augmente la durée de guérison des prêtres et réduit leur coût.', 0, 0, 180, 25, 27, 20, 'esprit_de_maat.png'),
(133, 'Rites funéraires', 'Néphtys augmente les dégâts infligés par les prêtres et les pharaons aux unités mythiques.', 0, 0, 180, 15, 27, 20, 'rites_funeraires.png'),
(134, 'Ville des morts', 'Néphtys rend les pharaons plus forts et les fait revenir d\'entre les morts plus rapidement.', 0, 180, 0, 15, 27, 20, 'ville_des_morts.png'),
(135, 'Arc en os', 'Sekhmet concède à vos archers sur char un arc en os, ce qui améliore leur portée.', 0, 250, 0, 20, 27, 21, 'arc_en_os.png'),
(136, 'Frondes solaires', 'Les frondes solaires enflammées de Sekhmet infligent d\'importants dégâts à l\'infanterie.', 0, 0, 200, 15, 27, 21, 'frondes_solaires.png'),
(137, 'Bélier du vent d\'Ouest', 'Le souffle de Sekhmet donne aux tours de siège des points supplémentaires en vie et en attaque par armes écrasantes.', 0, 0, 250, 20, 27, 21, 'belier_du_vent_d_ouest.png'),
(138, 'Pierres de lin rouge', 'Sekhmet permet à vos catapultes et barges de guerre de faire plus de dégâts aux bâtiments.', 0, 300, 0, 25, 27, 21, 'pierres_de_lin_rouge.png'),
(139, 'Architectes', 'Améliore les points de vie des bâtiments et accroît leur résistance aux attaques par armes écrasantes, telles les armes de siège.', 400, 500, 0, 0, 18, NULL, 'architectes.png'),
(140, 'Forum fortifié', 'Augmente les points de vie, l\'attaque et la portée de vos forums et leur permet d\'accepter 5 unités de population supplémentaires.', 0, 400, 400, 0, 18, NULL, 'forum_fortifie.png'),
(141, 'Charpentiers', 'Les villageois amassent le bois plus rapidement et peuvent en porter davantage.', 300, 0, 200, 0, 19, NULL, 'charpentiers.png'),
(142, 'Carrière', 'Les villageois amassent l\'or plus rapidement et peuvent en porter davantage.', 200, 300, 0, 0, 20, NULL, 'carriere.png'),
(143, 'Irrigation', 'Les villageois amassent la nourriture des fermes plus vite.', 0, 150, 250, 0, 21, NULL, 'irrigation.png'),
(144, 'Amphore de sel', 'Les navires de pêche pêchent plus de poissons et en transportent plus.', 0, 150, 250, 0, 22, NULL, 'amphore_de_sel.png'),
(145, 'Bardage de navire flèche', 'Transforme vos navires flèche en navires flèche lourds, avec plus de points de vie, de portée et d\'attaque.', 0, 200, 200, 0, 22, NULL, 'bardage_de_navire_fleche.png'),
(146, 'Mur fortifié', 'Augmente les points de vie du mur.', 500, 0, 400, 0, 23, NULL, 'mur_fortifie.png'),
(147, 'Tour de garde', 'L\'attaque et les points de vie des tours sont augmentés.', 0, 300, 300, 0, 29, NULL, 'tour_de_garde.png'),
(148, 'Pigeons voyageurs', 'Augmente le champ de vision de tous les bâtiments.', 0, 400, 0, 0, 29, NULL, 'pigeons_voyageurs.png'),
(149, 'Huile bouillante', 'Permet aux tours, migdol, oppidum, forteresses et palais d\'attaquer les unités se trouvant en dessous d\'eux.', 100, 300, 0, 0, 29, NULL, 'huile_bouillante.png'),
(150, 'Lanciers lourds', 'Les lanciers ont progressé et sont devenus lanciers lourds, avec plus de points de vie et d\'attaque.', 300, 0, 200, 0, 30, NULL, 'lanciers_lourds.png'),
(151, 'Lanceurs de hache lourds', 'Les lanceurs de hache ont progressé et sont devenus lanceurs de hache lourds, avec plus de points de vie et d\'attaque.', 300, 0, 200, 0, 30, NULL, 'lanceurs_de_hache_lourds.png'),
(152, 'Frondeurs lourds', 'Les frondeurs ont progressé et sont devenus frondeurs lourds, avec plus de points de vie et d\'attaque.', 0, 300, 200, 0, 30, NULL, 'frondeurs_lourds.png'),
(153, 'Fantassins à khopesh lourds', 'Les fantassins à khopesh moyens sont améliorés en fantassins à khopesh lourds, avec plus de points de vie et d\'attaque.', 300, 0, 200, 0, 30, NULL, 'fantassins_a_khopesh_lourds.png'),
(154, 'Soldats de caserne enrôlés', 'Le lancier, l\'homme d\'armes et le frondeur s\'entraînent plus vite.', 300, 0, 0, 0, 30, NULL, 'soldats_de_caserne_enroles.png'),
(155, 'Armes en bronze', 'Améliore l\'attaque de tous les soldats, navires et bâtiments humains.', 300, 0, 300, 0, 31, NULL, 'armes_en_bronze.png'),
(156, 'Maille en bronze', 'Soldats et navires humains plus résistants aux attaques par armes tranchantes, telles les épées.', 300, 0, 200, 0, 31, NULL, 'maille_en_bronze.png'),
(157, 'Boucliers en bronze', 'Soldats et navires humains plus résistants aux attaques par armes perçantes, telles les flèches.', 0, 300, 200, 0, 31, NULL, 'boucliers_en_bronze.png'),
(158, 'Chars lourds', 'Les chars ont été transformés en chars lourds, avec plus de points de vie et d\'attaque.', 0, 300, 300, 0, 32, NULL, 'chars_lourds.png'),
(159, 'Méharée lourde', 'La méharée devient méharée lourde, avec plus de points de vie et d\'attaque.', 300, 0, 300, 0, 32, NULL, 'meharee_lourde.png'),
(160, 'Éléphants lourds', 'Les éléphants de guerre sont devenus des éléphants lourds, avec plus de points de vie et d\'attaque.', 400, 0, 300, 0, 32, NULL, 'elephants_lourds.png'),
(161, 'Soldats de migdol enrôlés', 'Les chars, les méharis et les éléphants de guerre s\'entraînent plus rapidement.', 600, 0, 0, 0, 32, NULL, 'soldats_de_migdol_enroles.png'),
(162, 'Ambassadeurs', 'Réduit la somme du tribut à payer au marché.', 250, 0, 0, 0, 33, NULL, 'ambassadeurs.png'),
(163, 'Percepteurs', 'Réduit le coût de l\'achat ou de la vente de ressources au marché.', 180, 0, 180, 0, 33, NULL, 'percepteurs.png'),
(164, 'Chevaux du détachement', 'Vitesse d\'arme de siège augmentée.', 270, 0, 180, 0, 34, NULL, 'chevaux_du_detachement.png'),
(165, 'Couronne Atef', 'Osiris améliore vos momies et la durée de vie de leurs serviteurs.', 0, 0, 270, 20, 27, 22, 'couronne_atef.png'),
(166, 'Barge funéraire', 'Osiris donne à vos kébénits une plus grande puissance destructrice face aux navires flèches.', 0, 270, 0, 15, 27, 22, 'barge_funeraire.png'),
(167, 'Nouveau royaume', 'Osiris ordonne que l\'empire soit dirigé par deux pharaons au lieu d\'un.', 0, 0, 270, 25, 27, 22, 'nouveau_royaume.png'),
(168, 'Vent du désert', 'Osiris vous confère un vent du désert pour augmenter la vitesse, l\'attaque et les points de vie de vos chameaux.', 0, 0, 270, 30, 27, 22, 'vent_du_desert.png'),
(169, 'Livre de Thot', 'Les secrets de Thot permettent à vos agriculteurs d\'amasser de la nourriture, du bois et de l\'or plus rapidement.', 0, 270, 0, 30, 27, 23, 'livre_de_thot.png'),
(170, 'Défenses d\'Apedemak', 'Thot augmente les points de vie et d\'attaque de vos éléphants de guerre.', 0, 0, 270, 30, 27, 23, 'defenses_d_apedemak.png'),
(171, 'Vallée des rois', 'Thot enseigne les secrets qui permettent d\'entraîner les méharis, chars et éléphants de guerre plus rapidement.', 0, 0, 540, 40, 27, 23, 'vallee_des_rois.png'),
(172, 'Hache de la vengeance', 'Horus confère aux hommes d\'armes un bonus aux dégâts contre les bâtiments.', 0, 300, 0, 20, 27, 24, 'hache_de_la_vengeance.png'),
(173, 'Le premier des 50', 'Horus améliore l\'armure anti-armes tranchantes du lancier et inflige des dégâts supplémentaires contre la cavalerie.', 300, 0, 0, 30, 27, 24, 'le_premier_a_50.png'),
(174, 'Lance à l\'horizon', 'Horus améliore les points de vie et d\'attaque des lanciers.', 0, 0, 300, 30, 27, 24, 'lance_a_l_horizon.png'),
(175, 'Omniscience', 'Votre dieu vous accorde de voir toutes les unités ennemies. Ce pouvoir a un coût par unité ennemie.', 0, 0, 100, 0, 27, NULL, 'omniscience.png'),
(176, 'Contrôle des crues', 'Les villageois amassent la nourriture des fermes plus vite.', 0, 250, 350, 0, 21, NULL, 'controle_des_crues.png'),
(177, 'Bélier renforcé', 'Transforme vos navires marteau en navires marteau lourds avec plus de points de vie et d\'attaque.', 0, 300, 200, 0, 22, NULL, 'belier_renforce.png'),
(178, 'Marins conscrits', 'Les navires s\'entraînent plus vite.', 0, 500, 0, 0, 22, NULL, 'marins_conscrits.png'),
(179, 'Oxybèles navales', 'Transforme vos navires de siège en navires de siège lourds avec plus de points de vie et de portée.', 0, 500, 200, 0, 22, NULL, 'oxybeles_navales.png'),
(180, 'Mur de citadelle', 'Transforme les murs fortifiés en murs de citadelle, avec plus de points de vie.', 800, 0, 500, 0, 23, NULL, 'mur_de_citadelle.png'),
(181, 'Tour baliste', 'L\'attaque et les points de vie des tours sont augmentés.', 500, 800, 0, 0, 29, NULL, 'tour_baliste.png'),
(182, 'Lanciers champions', 'Les lanciers ont progressé et sont devenus lanciers champions, avec plus de points de vie et d\'attaques.', 400, 0, 300, 0, 30, NULL, 'lanciers_champions.png'),
(183, 'Lanceurs de hache champions', 'Les lanceurs de hache ont progressé et sont devenus lanceurs de hache champions, avec plus de points de vie et d\'attaque.', 400, 0, 300, 0, 30, NULL, 'lanceurs_de_hache_champions.png'),
(184, 'Frondeurs champions', 'Les frondeurs ont progressé et sont devenus frondeurs champions, avec plus de points de vie et d\'attaque.', 0, 400, 300, 0, 30, NULL, 'frondeurs_champions.png'),
(185, 'Fantassins à khopesh champions', 'Les fantassins à khopesh lourds sont transformés en fantassins à khopesh champions, avec plus de points de vie et d\'attaque.', 400, 0, 300, 0, 30, NULL, 'fantassins_a_khopesh_champions.png'),
(186, 'Soldats de caserne conscrits', 'Le lancier, l\'homme d\'arme et le frondeur s\'entraînent plus vite.', 800, 0, 0, 0, 30, NULL, 'soldats_de_caserne_conscrits.png'),
(187, 'Armes en fer', 'Améliore l\'attaque de tous les soldats, navires et bâtiments humains.', 600, 0, 600, 0, 31, NULL, 'armes_en_fer.png'),
(188, 'Maille en fer', 'Soldats et navires humains plus résistants aux attaques par armes tranchantes, telles les épées.', 500, 0, 500, 0, 31, NULL, 'maille_en_fer.png'),
(189, 'Boucliers en fer', 'Soldats et navires humains plus résistants aux attaques par armes perçantes, telles les flèches.', 0, 500, 400, 0, 31, NULL, 'boucliers_en_fer.png'),
(190, 'Goudron brûlant', 'Les archers, les navires flèche, les balistes et les chierobalistes tirent des projectiles enflammés, plus efficace contre les bâtiments et les navires.', 0, 500, 300, 0, 31, NULL, 'goudron_brulant.png'),
(191, 'Chars champions', 'Les archers sur char ont été transformés en chars champions avec plus de points de vie et d\'attaque.', 0, 400, 200, 0, 32, NULL, 'chars_champions.png'),
(192, 'Méharée championne', 'La méharée devient méharée championne, avec plus de points de vie et d\'attaque.', 400, 0, 200, 0, 32, NULL, 'meharee_championne.png'),
(193, 'Éléphants champions', 'Les éléphants de guerre sont devenus des éléphants de combat champions, avec plus de points de vie et d\'attaque.', 500, 0, 400, 0, 32, NULL, 'elephants_champions.png'),
(194, 'Soldats de migdol conscrits', 'Les chars, les méharis et les éléphants de guerre s\'entraînent plus rapidement.', 800, 0, 0, 0, 32, NULL, 'soldats_de_migdol_conscrits.png'),
(195, 'Monnaie', 'Augmente la vitesse des caravanes.', 0, 0, 200, 0, 33, NULL, 'monnaie.png'),
(196, 'Ingénieurs', 'Augmente l\'attaque et la portée des armes de siège, en particulier contre les murs.', 300, 0, 500, 0, 34, NULL, 'ingenieurs.png'),
(197, 'Errant solitaire', 'Odin imprègne les ulfsarks de l\'esprit de l\'errant solitaire, ce qui augmente leur vitesse.', 0, 175, 0, 5, 7, 25, 'errant_solitaire.png'),
(198, 'Pique à cochon', 'Thor augmente l\'attaque et le taux d\'accumulation d\'animaux chassés des villageois.', 0, 0, 100, 1, 43, 26, 'pique_a_cochon.png'),
(199, 'Yeux dans la forêt', 'Loki améliore le champ de vision de l\'infanterie.', 0, 0, 50, 2, 43, 27, 'yeux_dans_la_foret.png'),
(200, 'Élevage', 'Les troupeaux engraissent plus vite. Les villageois portent davantage de nourriture et amassent plus rapidement la nourriture provenant des troupeaux.', 0, 100, 50, 0, 39, NULL, 'elevage.png'),
(201, 'Chiens de chasse', 'Les villageois amassent de la nourriture provenant des animaux chassés plus vite.', 0, 100, 100, 0, 39, NULL, 'chiens_de_chasse.png'),
(202, 'Hache a main', 'Les villageois amassent le bois plus rapidement et peuvent en porter davantage.', 120, 0, 50, 0, 39, NULL, 'hache_a_main.png'),
(203, 'Pic', 'Les villageois amassent l\'or plus rapidement et peuvent en porter davantage.', 50, 120, 0, 0, 39, NULL, 'pic.png'),
(204, 'Troll de Hamarr', 'Forsete transforme les trolls en trolls de Hamarr, avec plus de points de vie, de portée et d\'attaque.', 0, 200, 0, 10, 43, 28, 'troll_de_hamarr.png'),
(205, 'Couloir de Thanes', 'Forsete augmente la vitesse et les points de vie de vos hersirs.', 0, 300, 0, 10, 43, 28, 'couloir_de_thanes.png'),
(206, 'Cuirasse de Mithril', 'Forsete rend les ulfsarks plus résistants aux attaques par armes tranchantes, telles les épées.', 0, 0, 150, 10, 43, 28, 'cuirasse_de_mithril.png'),
(207, 'Chaudron d\'Elhrimnir', 'Heimdall nourrit vos einheriars grâce au chaudron Elhrimnir, ce qui augmente leurs points de vie et leurs attaques.', 250, 0, 0, 10, 43, 29, 'chaudron_d_elhrimnir.png'),
(208, 'Protection', 'Heimdall rend vos murs et vos tours plus solides, et vos tours plus économiques.', 0, 200, 0, 10, 43, 29, 'protection.png'),
(209, 'Vents arctiques', 'Heimdall accorde une plus grande vitesse de déplacement et des points de vie pour les chaloupes.', 0, 200, 0, 10, 43, 29, 'vents_arctiques.png'),
(210, 'Aurore boréale', 'Freyja améliore les attaques et le rythme de guérison des valkyries.', 0, 0, 200, 10, 43, 30, 'aurore_boreale.png'),
(211, 'Les Sabots de tonnerre', 'Freyja améliore la vitesse et les points de vie de la cavalerie.', 300, 0, 0, 20, 43, 30, 'les_sabots_de_tonnerre.png'),
(212, 'Maçons', 'Améliore les points de vie des bâtiments et accroît leur résistance aux attaques par armes écrasantes, telles les armes de siège.', 200, 300, 0, 0, 38, NULL, 'macons.png'),
(213, 'Charrue', 'Les villageois amassent la nourriture des fermes plus vite.', 0, 50, 100, 0, 39, NULL, 'charrue.png'),
(214, 'Scie à archet', 'Les villageois amassent le bois plus rapidement et peuvent en porter davantage.', 250, 0, 150, 0, 39, NULL, 'scie_a_archet.png'),
(215, 'Puits de forage', 'Les villageois amassent l\'or plus rapidement et peuvent en porter davantage.', 150, 250, 0, 0, 39, NULL, 'puits_de_forage.png'),
(216, 'Pont clos', 'Augmente la capacité de charge des navires de transports.', 200, 200, 0, 0, 40, NULL, 'pont_clos.png'),
(217, 'Flotte héroïque', 'Les dieux rendent tous vos navires plus efficaces contre les unités mythiques.', 200, 200, 0, 15, 40, NULL, 'flotte_heroique.png'),
(218, 'Mur de pierre', 'Améliore l\'armure, le champ de vision et les points de vie des murs.', 200, 0, 200, 0, 41, NULL, 'mur_de_pierre.png'),
(219, 'Infanterie moyenne', 'L\'infanterie devient infanterie moyenne avec plus de points de vie et d\'attaque.', 150, 0, 150, 0, 45, NULL, 'infanterie_moyenne.png'),
(220, 'Cavalerie moyenne', 'La cavalerie devient cavalerie moyenne, avec plus de points de vie et d\'attaque.', 200, 0, 100, 0, 45, NULL, 'cavalerie_moyenne.png'),
(221, 'Tour de guet', 'Permet à vos tours d\'attaquer à portée.', 0, 200, 100, 0, 46, NULL, 'tour_de_guet.png'),
(222, 'Feux de signalisation', 'Augmente le champ de vision de tous les bâtiments.', 0, 150, 0, 0, 46, NULL, 'feux_de_signalisation.png'),
(223, 'Créneaux', 'Les attaques des bâtiments peuvent toucher les cibles en mouvement plus facilement. Les tours infligent davantage de dégâts à la cavalerie.', 150, 150, 0, 0, 46, NULL, 'creneaux.png'),
(224, 'Armes en cuivre', 'Améliore l\'attaque de tous les soldats, navires et bâtiments humains.', 200, 0, 200, 0, 47, NULL, 'armes_en_cuivre.png'),
(225, 'Maille en cuivre', 'Soldats et navires humains plus résistants aux attaques par armes tranchantes telles les épées.', 150, 0, 150, 0, 47, NULL, 'maille_en_cuivre.png'),
(226, 'Boucliers en cuivre', 'Soldats et navires humains plus résistants aux attaques par armes perçantes, telles les flèches.', 0, 150, 150, 0, 47, NULL, 'boucliers_en_cuivre.png'),
(227, 'Long serpent', 'Njord augmente l\'attaque des chaloupes, ainsi que leur résistance aux navires de siège.', 0, 0, 200, 10, 43, 31, 'long_serpent.png'),
(228, 'Colère des profondeurs', 'Njord transforme les Krakens en meurtriers Krakens des abysses, dotés de plus de points de vie.', 0, 0, 200, 15, 43, 31, 'colere_des_profondeurs.png'),
(229, 'Donneur d\'anneau', 'Njord accorde aux jarls la science des anneaux, ce qui améliore leurs points de vie.', 0, 0, 300, 30, 43, 31, 'donneur_d_anneau.png'),
(230, 'Givre', 'Skadi améliore les point de vie et l\'attaque des géants du froid.', 200, 0, 0, 20, 43, 32, 'givre.png'),
(231, 'Récolte d\'hiver', 'La récolte de Skadi permet aux fermiers de travailler plus rapidement.', 200, 0, 0, 20, 43, 32, 'recolte_d_hiver.png'),
(232, 'Hache de chasseresse', 'Skadi améliore l\'attaque des lanceurs de hache.', 0, 0, 300, 20, 43, 32, 'hache_de_chasseresse.png'),
(233, 'Appel du Walhalla', 'Bragi améliore les points de vie des ulfsarks.', 0, 200, 0, 20, 43, 33, 'appel_du_walhalla.png'),
(234, 'Formation en flèche', 'La technique de Bragi permet aux ulfsarks d\'infliger des dégâts supplémentaires à la cavalerie.', 0, 200, 0, 20, 43, 33, 'formation_en_fleche.png'),
(235, 'Rune Thurisaz', 'Bragi inscrit la rune Thurisaz sur les unités mythiques, augmentant ainsi leur vitesse.', 0, 200, 0, 20, 43, 33, 'rune_thurisaz.png'),
(236, 'Architectes', 'Améliore les points de vie des bâtiments et accroît leur résistance aux attaques par armes écrasantes, telles les armes de siège.', 400, 500, 0, 0, 38, NULL, 'architectes.png'),
(237, 'Forum fortifié', 'Augmente les points de vie, l\'attaque et la portée de vos forums et leur permet d\'accepter cinq unités de populations supplémentaires.', 0, 400, 400, 0, 38, NULL, 'forum_fortifie.png'),
(238, 'Irrigation', 'Les villageois amassent la nourriture des fermes plus vite.', 0, 150, 250, 0, 39, NULL, 'irrigation.png'),
(239, 'Charpentiers', 'Les villageois amassent le bois plus rapidement et peuvent en porter davantage.', 300, 0, 200, 0, 39, NULL, 'charpentiers.png'),
(240, 'Carrière', 'Les villageois amassent l\'or plus rapidement et peuvent en porter davantage.', 200, 300, 0, 0, 39, NULL, 'carriere.png'),
(241, 'Amphore de sel', 'Les navires de pêche pêchent plus de poissons et en transportent plus.', 0, 150, 250, 0, 40, NULL, 'amphore_de_sel.png'),
(242, 'Bardage de navire flèche', 'Transforme vos navires flèche en navires flèche lourds, avec plus de points de vie, de portée et d\'attaque.', 0, 200, 200, 0, 40, NULL, 'bardage_de_navire_fleche.png'),
(243, 'Infanterie lourde', 'L\'infanterie devient infanterie lourde, avec plus de points de vie et d\'attaque.', 300, 0, 300, 0, 45, NULL, 'infanterie_lourde.png'),
(244, 'Cavalerie lourde', 'La cavalerie devient cavalerie lourde, avec plus de points de vie et d\'attaque.', 400, 0, 200, 0, 45, NULL, 'cavalerie_lourde.png'),
(245, 'Soldats des maisons communales enrôlés', 'Les ulfsarks, les lanceurs de hache, les unités de cavalerie offensive et les hersirs s\'entraînent plus vite.', 600, 0, 0, 0, 45, NULL, 'soldats_des_maisons_communales_enroles.png'),
(246, 'Hache de Muspell', 'Les dieux scandinaves rendent les attaques des lanceurs de hache plus efficaces contre les unités volantes.', 0, 100, 100, 10, 45, NULL, 'hache_de_muspell.png'),
(247, 'Pigeons voyageurs', 'Augmente le champ de vision de tous les bâtiments.', 0, 400, 0, 0, 46, NULL, 'pigeons_voyageurs.png'),
(248, 'Huile bouillante', 'Permet aux tours, migdols, opidums, forteresses et palais d\'attaquer les unités se trouvant en dessous d\'eux.', 100, 300, 0, 0, 46, NULL, 'huile_bouillante.png'),
(249, 'Armes en bronze', 'Améliore l\'attaque de tous les soldats, navires et bâtiments humains.', 300, 0, 300, 0, 47, NULL, 'armes_en_bronze.png'),
(250, 'Maille en bronze', 'Soldats et navires humains plus résistants aux attaques par armes tranchantes, telles les épées.', 300, 0, 200, 0, 47, NULL, 'maille_en_bronze.png'),
(251, 'Boucliers en bronze', 'Soldats et navires humains plus résistants aux attaques par armes perçantes, telles les flèches.', 0, 300, 200, 0, 47, NULL, 'boucliers_en_bronze.png'),
(252, 'Ambassadeurs', 'Réduit la somme du tribut à payer au marché.', 0, 0, 250, 0, 48, NULL, 'ambassadeurs.png'),
(253, 'Percepteurs', 'Réduit le coût de l\'achat ou de la vente de ressources au marché.', 200, 0, 200, 0, 48, NULL, 'percepteurs.png'),
(254, 'Soldats du fort de la colline enrôlés', 'Les huskarls et les jarls s\'entraînent plus vite.', 300, 0, 0, 0, 49, NULL, 'soldats_du_fort_de_la_colline_enroles.png'),
(255, 'Chevaux du détachement', 'Vitesse d\'arme de siège augmentée.', 300, 0, 200, 0, 49, NULL, 'chevaux_du_detachement.png'),
(256, 'Tempête arctique', 'Baldr augmente la vitesse du navire dragon et la résistance des navires marteau.', 0, 250, 0, 20, 43, 34, 'tempete_arctique.png'),
(257, 'Fils de Sleipnir', 'Grâce à Baldr, votre cavalerie offensive sera particulièrement efficace contre les archers et les lanceurs de hache.', 300, 0, 0, 20, 43, 34, 'fils_de_sleipnir.png'),
(258, 'Vrille des nains', 'Baldr optimise vos béliers portables avec des vrilles des nains qui améliorent leur vitesse, la rapidité d\'entraînement et l\'attaque.', 0, 0, 300, 30, 43, 34, 'vrille_des_nains.png'),
(259, 'Gang de berserkers', 'Tyr instruit vos ulfsarks dans le gang des berserkers, ce qui améliore leur attaque et leurs points de vie.', 0, 0, 300, 30, 43, 35, 'gang_de_berserkers.png'),
(260, 'Bravoure', 'Tyr permet aux huskarls d\'infliger davantage de dégâts, particulièrement aux bâtiments.', 300, 0, 0, 25, 43, 35, 'bravoure.png'),
(261, 'Fureur', 'Hel peut faire en sorte que les unités mythiques soient entraînées presque instantanément.', 0, 0, 300, 20, 43, 36, 'fureur.png'),
(262, 'Sang de granit', 'Hel améliore les points de vie des géants du froid, du feu et de la montagne.', 0, 600, 0, 30, 43, 36, 'sang_de_granit.png'),
(263, 'Contrôle des crues', 'Les villageois amassent la nourriture des fermes plus vite.', 0, 250, 350, 0, 39, NULL, 'controle_des_crues.png'),
(264, 'Bélier renforcé', 'Transforme vos navires marteau en navires marteau lourds avec plus de points de vie et d\'attaque.', 0, 300, 200, 0, 40, NULL, 'belier_renforce.png'),
(265, 'Oxybèles navales', 'Transforme vos navires de siège en navires de siège lourds, avec plus de points de vie et de portée.', 0, 500, 200, 0, 40, NULL, 'oxybeles_navales.png'),
(266, 'Marins conscrits', 'Les navires s\'entraînent plus vite.', 0, 500, 0, 0, 40, NULL, 'marins_conscrits.png'),
(267, 'Omniscience', 'Votre dieu vous accorde le pouvoir de voir toutes les unités ennemies. Ce pouvoir a un coût par unités ennemies.', 0, 0, 100, 0, 43, NULL, 'omniscience.png'),
(268, 'Infanterie championne', 'L\'infanterie devient infanterie championne, avec plus de points de vie et d\'attaque.', 500, 0, 400, 0, 45, NULL, 'infanterie_championne.png'),
(269, 'Cavalerie championne', 'La cavalerie devient cavalerie championne, avec plus de points de vie et d\'attaque.', 700, 0, 200, 0, 45, NULL, 'cavalerie_championne.png'),
(270, 'Soldats des maisons communales conscrits', 'Les ulfsarks, les lanceurs de hache, les unités de cavalerie offensive et les hersirs s\'entraînent plus vite.', 500, 0, 0, 0, 45, NULL, 'soldats_des_maisons_communales_conscrits.png'),
(271, 'Armes en fer', 'Améliore l\'attaque de tous les soldats, navires et bâtiments humains.', 500, 0, 500, 0, 47, NULL, 'armes_en_fer.png'),
(272, 'Maille en fer', 'Soldats et navires humains plus résistants aux attaques par armes tranchantes, telles les épées.', 400, 0, 400, 0, 47, NULL, 'maille_en_fer.png'),
(273, 'Boucliers en fer', 'Soldats et navires humains plus résistants aux attaques par armes perçantes, telles les flèches.', 0, 400, 300, 0, 47, NULL, 'boucliers_en_fer.png'),
(274, 'Marteau des dieux', 'Améliore l\'attaque de tous les soldats humains.', 500, 0, 500, 0, 52, 26, 'marteaux_des_dieux.png'),
(275, 'Maille en fer météorique', 'Soldats humains plus résistants aux attaques par armes tranchantes, telles les épées.', 500, 0, 500, 0, 52, 26, 'maille_en_fer_meteorique.png'),
(276, 'Boucliers d\'écailles de dragon', 'Soldats humains plus résistants aux attaques par armes perçantes, telles les flèches.', 0, 500, 500, 0, 52, 26, 'boucliers_d_ecailles_de_dragon.png'),
(277, 'Goudron brûlant', 'Les archers, les navires flèche, les balistes et les chierobalistes tirent des projectiles enflammés, plus efficaces contre les bâtiments et les navires.', 0, 500, 300, 0, 47, NULL, 'goudron_brulant.png'),
(278, 'Monnaie', 'Augmente la vitesse des caravanes.', 0, 0, 200, 0, 48, NULL, 'monnaie.png'),
(279, 'Soldats du fort de la colline conscrits', 'Les huskarls et les jarls s\'entraînent plus vite.', 800, 0, 0, 0, 49, NULL, 'soldats_du_fort_de_la_colline_conscrits.png'),
(280, 'Ingénieurs', 'Augmente l\'attaque et la portée des armes de siège, en particulier contre les murs.', 300, 0, 500, 0, 49, NULL, 'ingenieurs.png'),
(281, 'Concentration', 'Cronos concentre intensément son pouvoir sur les Oracles, augmentant leur vitesse et la vitesse à laquelle s\'étend leur champ de vision.', 0, 50, 0, 2, 57, 37, 'concentration.png'),
(282, 'Passage sûr', 'Ouranos rend vos passages du ciel moins coûteux, et leur confère un champ de vision étendu et une attaque à portée.', 0, 200, 0, 10, 57, 38, 'passage_sur.png'),
(283, 'Canaux', 'Gaia permet à vos citoyens de se déplacer plus rapidement.', 0, 0, 100, 5, 57, 39, 'canaux.png'),
(284, 'Chiens de chasse', 'Les villageois amassent de la nourriture provenant des animaux chassés plus vite.', 0, 70, 70, 0, 54, NULL, 'chiens_de_chasse.png'),
(285, 'Élevage', 'Les troupeaux engraissent plus vite. Les villageois portent davantage de nourriture et amassent plus rapidement la nourriture provenant des troupeaux.', 0, 70, 35, 0, 54, NULL, 'elevage.png'),
(286, 'Pic', 'Les villageois amassent l\'or plus rapidement et peuvent en porter davantage.', 35, 84, 0, 0, 54, NULL, 'pic.png'),
(287, 'Hache à main', 'Les villageois amassent le bois plus rapidement et peuvent en porter davantage.', 84, 0, 35, 0, 54, NULL, 'hache_a_main.png'),
(288, 'Argile alluviale', 'Prométhée augmente les points de vie des prométhéens et de leurs rejetons.', 0, 0, 150, 12, 57, 40, 'argile_alluviale.png'),
(289, 'Coeur des Titans', 'Prométhée réduit le coût de la transformations de vos unités humaines en héros.', 0, 0, 200, 20, 57, 40, 'coeur_des_titans.png'),
(290, 'Vengeance d\'Héphaïstos', 'Léto améliore les automates en leur donnant davantage de points de vie et la capacité de se réparer.', 0, 0, 200, 10, 57, 41, 'vengeance_d_hephaistos.png'),
(291, 'Forge volcanique', 'Léto invoque Héphaïstos pour durcir l\'acier de vos automates, les rendant plus résistants aux attaques perçantes, telles les flèches.', 200, 0, 50, 15, 57, 41, 'forge_volcanique.png'),
(292, 'Morsure du requin', 'Océan fournit aux mirmillons des épées dotées de lames en dents de scie, augmentant leur attaque.', 200, 0, 0, 15, 57, 42, 'morsure_de_requin.png'),
(293, 'Masse légère', 'Océan augmente la rapidité et l\'attaque des Katapeltes.', 200, 0, 0, 15, 57, 42, 'masse_legere.png'),
(294, 'Maçons', 'Améliore les points de vie des bâtiments et accroît leur résistance aux attaques par armes écrasantes, telles les armes de siège.', 200, 300, 0, 0, 53, NULL, 'macons.png'),
(295, 'Charrue', 'Les villageois amassent la nourriture des fermes plus vite.', 0, 50, 100, 0, 54, NULL, 'charrue.png'),
(296, 'Scie à archet', 'Les villageois amassent le bois plus rapidement, et peuvent en porter davantage.', 250, 0, 150, 0, 54, NULL, 'scie_a_archet.png'),
(297, 'Puits de forage', 'Les villageois amassent l\'or plus rapidement et peuvent en porter davantage.', 150, 250, 0, 0, 54, NULL, 'puits_de_forage.png'),
(298, 'Mur de pierre', 'Améliore l\'armure, le champ de vision et les points de vie des murs.', 200, 0, 200, 0, 55, NULL, 'mur_de_pierre.png'),
(299, 'Mur de bronze', 'Augmente les points de vie du mur.', 400, 0, 300, 0, 55, NULL, 'mur_de_bronze.png'),
(300, 'Filet cernant', 'Les navires de pêche pêchent davantage de poissons.', 0, 150, 150, 0, 56, NULL, 'filet_cernant.png'),
(301, 'Pont clos', 'Augmente la capacité de charge des navires de transport.', 200, 200, 0, 0, 56, NULL, 'pont_clos.png'),
(302, 'Flotte héroïque', 'Les dieux rendent tous vos navires plus efficaces contre les unités mythiques.', 200, 200, 0, 15, 56, NULL, 'flotte_heroique.png'),
(303, 'Tour de guet', 'Permet à vos tours d\'attaquer à portée.', 0, 200, 100, 0, 59, NULL, 'tour_de_guet.png'),
(304, 'Feux de signalisation', 'Augmente le champ de vision de tous les bâtiments.', 0, 150, 0, 0, 59, NULL, 'feux_de_signalisation.png'),
(305, 'Créneaux', 'Les attaques des bâtiments peuvent toucher les cibles en mouvement plus facilement. Les tours infligent davantage de dégâts à la cavalerie.', 150, 150, 0, 0, 59, NULL, 'creneaux.png'),
(306, 'Infanterie moyenne', 'L\'infanterie devient infanterie moyenne, avec plus de points de vie et d\'attaque.', 150, 0, 150, 0, 60, NULL, 'infanterie_moyenne.png'),
(307, 'Armes en cuivre', 'Améliore l\'attaque de tous le soldats, navires et bâtiments humains.', 200, 0, 200, 0, 62, NULL, 'armes_en_cuivre.png'),
(308, 'Maille en cuivre', 'Soldats et navires humains plus résistants aux attaques par armes tranchantes, telles les épées.', 150, 0, 150, 0, 62, NULL, 'maille_en_cuivre.png'),
(309, 'Boucliers en cuivre', 'Soldats et navires humains plus résistants aux attaques par armes perçantes, telles les flèches.', 0, 150, 150, 0, 62, NULL, 'boucliers_en_cuivre.png'),
(310, 'Doublet', 'Hypérion double le nombre de javelots lancés par votre satyre.', 0, 200, 0, 15, 57, 43, 'doublet.png'),
(311, 'Renouveau héroïque', 'Hypérion permet à vos héros de se régénérer.', 0, 0, 200, 15, 57, 43, 'renouveau_heroique.png'),
(312, 'Cornes de consécration', 'Rhéa vous accorde plus de faveurs.', 0, 0, 200, 0, 57, 44, 'cornes_de_consecration.png');
INSERT INTO `aom_amelioration` (`idAmelioration`, `nomAmelioration`, `descriptionAmelioration`, `coutNourriture`, `coutBois`, `coutOr`, `coutFaveur`, `idBatimentConcerne`, `idDieu`, `imgAmelioration`) VALUES
(313, 'Maille d\'orichalque', 'Rhéa rend vos archers plus résistants aux attaques tranchantes telles les épées.', 0, 0, 250, 15, 57, 44, 'maille_d_orichalque.png'),
(314, 'Présent de Rhéa', 'Rhéa réduit le coût des faveurs affectant toutes vos améliorations mythologiques.', 175, 0, 175, 0, 57, 44, 'present_de_rhea.png'),
(315, 'Descendants des Lémuriens', 'Théia entend le champ de vision de tous vos soldats humains.', 50, 0, 75, 8, 57, 45, 'descendants_des_lemuriens.png'),
(316, 'Secret de Poséidon', 'Théia dérobe les secrets de Poséidon et augmente la vitesse et l\'attaque de votre cavalerie.', 300, 0, 0, 20, 57, 45, 'secret_de_poseidon.png'),
(317, 'Lance de pierre', 'Théia améliore l\'attaque des héros Contarius, particulièrement contre les bâtiments.', 0, 0, 300, 12, 57, 45, 'lance_de_pierre.png'),
(318, 'Architectes', 'Améliore les points de vie des bâtiments et accroît leur résistance aux attaques par armes écrasantes, telles les armes de siège.', 400, 500, 0, 0, 53, NULL, 'architectes.png'),
(319, 'Forum fortifié', 'Augmente les points de vie, l\'attaque et la portée de vos forums et leur permet d\'accepter cinq unités de population supplémentaires.', 0, 400, 400, 0, 53, NULL, 'forum_fortifie.png'),
(320, 'Charpentiers', 'Les villageois amassent le bois plus rapidement et peuvent en porter davantage.', 300, 0, 200, 0, 54, NULL, 'charpentiers.png'),
(321, 'Carrière', 'Les villageois amassent l\'or plus rapidement et peuvent en porter davantage.', 200, 300, 0, 0, 54, NULL, 'carriere.png'),
(322, 'Irrigation', 'Les villageois amassent la nourriture des fermes plus vite.', 0, 150, 250, 0, 54, NULL, 'irrigation.png'),
(323, 'Mur de fer', 'Transforme les murs de bronze en murs de fer, dotés de plus de points de vie.', 600, 0, 450, 0, 55, NULL, 'mur_de_fer.png'),
(324, 'Amphore de sel', 'Les navires de pêche pêchent plus de poissons et en transportent plus.', 0, 150, 250, 0, 56, NULL, 'amphore_de_sel.png'),
(325, 'Bardage de navire flèche', 'Transforme vos navires flèche en navires flèche lourds, avec plus de points de vie, de portée et d\'attaque.', 0, 200, 200, 0, 56, NULL, 'bardage_de_navire_fleche.png'),
(326, 'Tour de garde', 'L\'attaque et les points de vie des tours sont augmentés.', 0, 300, 300, 0, 59, NULL, 'tour_de_garde.png'),
(327, 'Pigeons voyageurs', 'Augmente le champ de vision de tous les bâtiments.', 0, 400, 0, 0, 59, NULL, 'pigeons_voyageurs.png'),
(328, 'Huile bouillante', 'Permet aux tours, migdols, oppidums, forteresses et palais d\'attaquer les unités se trouvant en dessous d\'eux.', 100, 300, 0, 0, 59, NULL, 'huile_bouillante.png'),
(329, 'Infanterie lourde', 'L\'infanterie devient infanterie lourde, avec plus de points de vie et d\'attaque.', 300, 0, 300, 0, 60, NULL, 'infanterie_lourde.png'),
(330, 'Cavalerie lourde', 'La cavalerie devient cavalerie lourde, avec plus de points de vie et d\'attaque.', 200, 0, 100, 0, 60, NULL, 'cavalerie_lourde.png'),
(331, 'Unités principales enrôlées', 'Mirmillons, Contarius et Arcus s\'entraînent plus rapidement.', 300, 0, 0, 0, 60, NULL, 'unites_principales_enrolees.png'),
(332, 'Archers lourds', 'Les archers deviennent des archers lourds, avec plus de points de vie et d\'attaque.', 0, 300, 300, 0, 61, NULL, 'archers_lourds.png'),
(333, 'Chierobaliste lourde', 'Transforme les chierobalistes en chierobalistes lourde, dotée de plus de points de vie et d\'une meilleure attaque.', 0, 300, 200, 0, 61, NULL, 'chierobaliste_lourde.png'),
(334, 'Contre-unités enrôlées', 'Katapeltes, tuma et chierobalistes s\'entraînent plus rapidement.', 300, 0, 0, 0, 61, NULL, 'contre_unites_enrolees.png'),
(335, 'Armes en bronze', 'Améliore l\'attaque de tous les soldats, navires et bâtiments humains.', 300, 0, 300, 0, 62, NULL, 'armes_en_bronze.png'),
(336, 'Maille en bronze', 'Soldats et navires humains plus résistantes aux armes tranchantes, telles les épées.', 300, 0, 200, 0, 62, NULL, 'maille_en_bronze.png'),
(337, 'Boucliers en bronze', 'Soldats et navires humains plus résistants aux attaques par armes perçantes, telles les flèches.', 0, 300, 200, 0, 62, NULL, 'boucliers_en_bronze.png'),
(338, 'Ambassadeurs', 'Réduit la somme du tribut à payer au marché.', 0, 0, 250, 0, 64, NULL, 'ambassadeurs.png'),
(339, 'Percepteurs', 'Réduit le coût de l\'achat ou de la vente de ressources au marché.', 200, 0, 200, 0, 64, NULL, 'percepteurs.png'),
(340, 'Chevaux du détachement', 'Vitesse d\'arme de siège augmentée.', 300, 0, 200, 0, 65, NULL, 'chevaux_du_detachement.png'),
(341, 'Soldats du palais enrôlés', 'Toutes les unités du palais s\'entraînent plus rapidement.', 600, 0, 0, 0, 65, NULL, 'soldats_du_palais_enroles.png'),
(342, 'Halo du soleil', 'Hélios augmente les dommages provoqués par les siphons de feu et les navires de feu.', 0, 0, 300, 20, 57, 46, 'halo_du_soleil.png'),
(343, 'Pétrifiée', 'Hélios pétrifie le bois de vos armes de siège, les rendant plus résistantes aux armes tranchantes, telles les épées.', 0, 250, 100, 15, 57, 46, 'petrifiee.png'),
(344, 'Io, gardien', 'Atlas transforme les argos en gardiens d\'Io, ce qui étend leur champ de vision et permet à leur pouvoir spécial de se recharger plus rapidement.', 50, 0, 300, 15, 57, 47, 'io_gardien.png'),
(345, 'Yeux d\'Atlas', 'Atlas augmente le champ de vision de toutes vos unités mythiques.', 50, 0, 100, 5, 57, 47, 'yeux_d_atlas.png'),
(346, 'Bouclier de Titan', 'Atlas rend les bâtiments plus résistants aux attaques tranchantes ou écrasantes, telles que les attaques d\'infanterie, ou les attaques par armes de siège.', 0, 300, 200, 15, 57, 47, 'bouclier_de_titan.png'),
(347, 'Sang d\'Asper', 'Hécate rend le sang des lampades capable d\'infliger des dégâts aux unités proches.', 0, 0, 250, 15, 57, 48, 'sang_d_asper.png'),
(348, 'Rajeunissement mythique', 'Hécate permet à vos unités mythiques de se régénérer.', 0, 0, 300, 30, 57, 48, 'rajeunissement_mythique.png'),
(349, 'Célérité', 'Hécate contraint les unités mythiques à s\'entraîner beaucoup plus rapidement.', 0, 0, 200, 10, 57, 48, 'celerite.png'),
(350, 'Contrôle des crues', 'Les villageois amassent la nourriture des fermes plus vite.', 0, 250, 350, 0, 54, NULL, 'controle_des_crues.png'),
(351, 'Mur d\'orichalque', 'Transforme les murs de fer en murs d\'orichalque, dotés de plus de points de vie.', 850, 0, 600, 0, 55, NULL, 'mur_d_orichalque.png'),
(352, 'Oxybèles navales', 'Transforme vos navires de siège en navires de siège lourds, avec plus de points de vie et de portée.', 0, 500, 200, 0, 56, NULL, 'oxybeles_navales.png'),
(353, 'Bélier renforcé', 'Transforme vos navires marteau en navires marteau lourds avec plus de points de vie et d\'attaque.', 0, 300, 200, 0, 56, NULL, 'belier_renforce.png'),
(354, 'Marins conscrits', 'Les navires s\'entraînent plus vite.', 0, 500, 0, 0, 56, NULL, 'marins_conscrits.png'),
(355, 'Omniscience', 'Votre dieu vous accorde le pouvoir de voir toutes les unités ennemies. Ce pouvoir a un coût par unité ennemie.', 0, 0, 100, 0, 57, NULL, 'omniscience.png'),
(356, 'Infanterie championne', 'L\'infanterie devient infanterie championne, avec plus de points de vie et d\'attaque.', 500, 0, 400, 0, 60, NULL, 'infanterie_championne.png'),
(357, 'Cavalerie championne', 'La cavalerie devient cavalerie championne, avec plus de points de vie et d\'attaque.', 350, 0, 100, 0, 60, NULL, 'cavalerie_championne.png'),
(358, 'Unités principales conscrites', 'Mirmillons, Contarius et Arcus s\'entraînent plus rapidement.', 800, 0, 0, 0, 60, NULL, 'unites_principales_conscrites.png'),
(359, 'Archers champions', 'Les archers deviennent archers champions, avec plus de points de vie et d\'attaque.', 0, 500, 400, 0, 61, NULL, 'archers_champions.png'),
(360, 'Chierobaliste championne', 'Chierobaliste transformée en chierobaliste championne, dotée de plus de points de vie et d\'une meilleure attaque.', 0, 300, 300, 0, 61, NULL, 'chierobaliste_championne.png'),
(361, 'Contre-unités conscrites', 'Katapeltes, tuma et chierobalistes s\'entraînent plus rapidement.', 500, 0, 0, 0, 61, NULL, 'contre_unites_conscrites.png'),
(362, 'Armes en fer', 'Améliore l\'attaque de tous les soldats, navires et bâtiments humains.', 600, 0, 600, 0, 62, NULL, 'armes_en_fer.png'),
(363, 'Maille en fer', 'Soldats et navires humains plus résistants aux attaques par armes tranchantes, telles les épées.', 500, 0, 500, 0, 62, NULL, 'maille_en_fer.png'),
(364, 'Boucliers en fer', 'Soldats et navires humains plus résistants aux attaques par armes perçantes, telles les flèches.', 0, 500, 400, 0, 62, NULL, 'boucliers_en_fer.png'),
(365, 'Goudron brûlant', 'Les archers, les navires flèche, les balistes et les chierobalistes tirent des projectiles enflammés, plus efficaces contre les bâtiments et les navires.', 0, 500, 300, 0, 62, NULL, 'goudron_brulant.png'),
(366, 'Monnaie', 'Augmente la vitesse des caravanes.', 0, 0, 200, 0, 64, NULL, 'monnaie.png'),
(367, 'Ingénieurs', 'Augmente l\'attaque et la portée des armes de siège, en particulier contre les murs.', 300, 0, 500, 0, 65, NULL, 'ingenieurs.png'),
(368, 'Soldats du palais conscrits', 'Toutes les unités du palais s\'entraînent plus rapidement.', 800, 0, 0, 0, 65, NULL, 'soldats_du_palais_conscrits.png'),
(369, 'Domestication', 'Fu Xi améliore la vitesse à laquelle vos paysans amassent de la nourriture à partir du bétail, des baies, des poulets et des canards.', 0, 100, 0, 5, 72, 49, 'domestication.png'),
(370, 'Acupuncture', 'Nü Wa accorde la sagesse de l\'acupuncture à vos paysans, qui leur permet de régénérer leur points de vie.', 150, 0, 0, 5, 72, 50, 'acupuncture.png'),
(371, 'Brouette', 'Shennong donne des brouettes à vos paysans, qui leur permettent de transporter plus de ressources.', 0, 150, 0, 5, 72, 51, 'brouette.png'),
(372, 'Chiens de chasse', 'Les villageois amassent de la nourriture provenant des animaux chassés plus vite.', 0, 100, 100, 0, 71, NULL, 'chiens_de_chasse.png'),
(373, 'Élevage', 'Les troupeaux engraissent plus vite. Les villageois portent davantage de nourriture et amassent plus rapidement la nourriture provenant des troupeaux.', 0, 100, 50, 0, 71, NULL, 'elevage.png'),
(374, 'Hache à main', 'Les villageois amassent le bois plus rapidement et peuvent en porter davantage.', 120, 0, 50, 0, 71, NULL, 'hache_a_main.png'),
(375, 'Pic', 'Les villageois amassent l\'or plus rapidement et peuvent en porter davantage.', 50, 120, 0, 0, 71, NULL, 'pic.png'),
(376, 'Mur de terre', 'Augmente les points de vie des murs.', 150, 0, 150, 0, 74, NULL, 'mur_de_terre.png'),
(377, 'Armure de pierre', 'Huang Di augmente les dégâts de la poussière projetée par les guerriers de terre cuite.', 0, 300, 0, 15, 72, 52, 'armure_de_pierre.png'),
(378, 'Cinq céréales', 'Huang Di enseigne le secret des cinq céréales à vos paysans, qui rend les fermes moins chères.', 0, 100, 100, 10, 72, 52, 'cinq_cereales.png'),
(379, 'Écriture des os d\'oracle', 'Huang Di rend vos unités d\'académie militaires moins chères et celles-ci sont formées plus rapidement.', 300, 0, 0, 15, 72, 52, 'ecriture_des_os_d_oracle.png'),
(380, 'Bâton au bandeau d\'or', 'Sun Wukong autorise vos Rois des singes à porter son bâton d\'or, qui augmente leurs dégâts.', 0, 250, 0, 10, 72, 53, 'baton_au_bandeau_d_or.png'),
(381, 'Talisman de papier', 'Sun Wukong rend vos hallebardiers plus forts.', 0, 300, 0, 15, 72, 53, 'talisman_de_papier.png'),
(382, 'Pilier des océans', 'Sun Wukong rend vos navires de pêche, vos jonques et vos ports plus forts.', 0, 200, 0, 10, 72, 53, 'pilier_des_oceans.png'),
(383, 'Élixir d\'immortalité', 'Chang\'e partage son élixir d\'immortalité avec vos Immortels, qui leur permet de régénérer leurs points de vie rapidement.', 0, 0, 200, 10, 72, 54, 'elixir_d_immortalite.png'),
(384, 'Arc de Houyi', 'Chang\'e accorde l\'arc de son époux à vos archers, qui augmente leurs dégâts.', 0, 300, 0, 15, 72, 54, 'arc_de_houyi.png'),
(385, 'Lapin de jade', 'Chang\'e rend toutes vos unités humaines et vos héros plus rapides.', 225, 0, 0, 15, 72, 54, 'lapin_de_jade.png'),
(386, 'Maçons', 'Améliore les points de vie des bâtiments et accroît leur résistance aux attaques par armes écrasantes, telles les armes de siège.', 200, 300, 0, 0, 70, NULL, 'macons.png'),
(387, 'Scie à archet', 'Les villageois amassent le bois plus rapidement et peuvent en porter davantage.', 250, 0, 150, 0, 71, NULL, 'scie_a_archet.png'),
(388, 'Puits de forage', 'Les villageois amassent l\'or plus rapidement et peuvent en porter davantage.', 150, 250, 0, 0, 71, NULL, 'puits_de_forage.png'),
(389, 'Charrue', 'Les villageois amassent la nourriture des fermes plus vite.', 0, 50, 100, 0, 71, NULL, 'charrue.png'),
(390, 'Filet cernant', 'Les navires de pêche pêchent davantage de poissons.', 0, 150, 150, 0, 73, NULL, 'filet_cernant.png'),
(391, 'Pont clos', 'Augmente la capacité de charge des navires de transport.', 200, 200, 0, 0, 73, NULL, 'pont_clos.png'),
(392, 'Flotte héroïque', 'Les dieux rendent tous vos navires plus efficaces contre les unités mythiques.', 200, 200, 0, 15, 73, NULL, 'flotte_heroique.png'),
(393, 'Mur de pierre', 'Améliore l\'armure, le champ de vision et les points de vie des murs.', 200, 0, 200, 0, 74, NULL, 'mur_de_pierre.png'),
(394, 'Tour de guet', 'Permet à vos tours d\'attaquer à portée.', 0, 200, 100, 0, 77, NULL, 'tour_de_guet.png'),
(395, 'Feux de signalisation', 'Augmente le champ de vision de tous les bâtiments.', 0, 150, 0, 0, 77, NULL, 'feux_de_signalisation.png'),
(396, 'Créneaux', 'Les attaques de vos bâtiments peuvent toucher les unités en mouvement plus facilement. Les tours infligent davantage de dégâts à la cavalerie.', 150, 150, 0, 0, 77, NULL, 'creneaux.png'),
(397, 'Soldats d\'académie militaire moyens', 'Les unités d\'académie militaire sont transformées en unités d\'académie militaire moyennes, avec plus de points de vie et d\'attaque.', 0, 150, 150, 0, 78, NULL, 'soldats_d_academie_militaire_moyens.png'),
(398, 'Cavalerie moyenne', 'La cavalerie devient cavalerie moyenne, avec plus de points de vie et d\'attaque.', 200, 0, 100, 0, 79, NULL, 'cavalerie_moyenne.png'),
(399, 'Armes en cuivre', 'Améliore l\'attaque de tous les soldats, navires et bâtiments humains.', 200, 0, 200, 0, 80, NULL, 'armes_en_cuivre.png'),
(400, 'Maille en cuivre', 'Soldats et navires humains plus résistants aux attaques par armes tranchantes, telles les épées.', 150, 0, 150, 0, 80, NULL, 'maille_en_cuivre.png'),
(401, 'Boucliers en cuivre', 'Soldats et navires humains plus résistants aux attaques par armes perçantes, telles les flèches.', 0, 150, 150, 0, 80, NULL, 'boucliers_en_cuivre.png'),
(402, 'Esprit du propriétaire', 'Dabo Gong fait prospérer vos villages en réduisant le temps nécessaires pour former vos paysans.', 300, 0, 0, 25, 72, 55, 'esprit_du_proprietaire.png'),
(403, 'Obsèques', 'Dabo Gong augmente la vitesse à laquelle les moines peuvent convertir les unités ennemies.', 0, 0, 300, 20, 72, 55, 'obseques.png'),
(404, 'Autels du foyer', 'Dabo Gong augmente la vitesse à laquelle les jardins génèrent de la nourriture, de l\'or et des faveurs.', 150, 150, 150, 10, 72, 55, 'autels_du_foyer.png'),
(405, 'Drain de vie', 'Zhong Kui améliore l\'attaque spéciale de vos Jiangshi en augmentant les dégâts infligés.', 0, 0, 300, 20, 72, 56, 'drain_de_vie.png'),
(406, 'Pourfendeur de démon', 'Zhong Kui augmente les dégâts de vos Immortels contre les unités mythiques.', 0, 0, 300, 20, 72, 56, 'pourfendeur_de_demon.png'),
(407, 'Colère incontrôlable', 'Zhong Kui rend votre infanterie plus forte.', 0, 0, 300, 20, 72, 56, 'colere_incontrolable.png'),
(408, 'Sacrifices', 'He Bo accorde un filet lent mais gratuit de faveurs.', 0, 150, 150, 0, 72, 57, 'sacrifices.png'),
(409, 'Seigneur de la rivière', 'He Bo augmente les points de vie de vos navires de feu.', 0, 300, 0, 15, 72, 57, 'seigneur_de_la_riviere.png'),
(410, 'Terre tassée', 'He Bo augmente les points de vie de vos bâtiments.', 0, 0, 300, 20, 72, 57, 'terre_tassee.png'),
(411, 'Architectes', 'Améliore les points de vie des bâtiments et accroît leur résistance aux attaques par armes écrasantes, telles les armes de siège.', 400, 500, 0, 0, 70, NULL, 'architectes.png'),
(412, 'Forum fortifié', 'Augmente les points de vie, l\'attaque et la portée de vos forums et leur permet d\'accepter cinq unités de populations supplémentaires.', 0, 400, 400, 0, 70, NULL, 'forum_fortifie.png'),
(413, 'Charpentiers', 'Les villageois amassent le bois plus rapidement et peuvent en porter davantage.', 300, 0, 200, 0, 71, NULL, 'charpentiers.png'),
(414, 'Carrière', 'Les villageois amassent l\'or plus rapidement et peuvent en porter davantage.', 200, 300, 0, 0, 71, NULL, 'carriere.png'),
(415, 'Irrigation', 'Les villageois amassent la nourriture des fermes plus vite.', 0, 150, 250, 0, 71, NULL, 'irrigation.png'),
(416, 'Amphore de sel', 'Les navires de pêche pêchent plus de poissons et en transportent plus.', 0, 150, 250, 0, 73, NULL, 'amphore_de_sel.png'),
(417, 'Bardage de navire flèche', 'Transforme vos navires flèche en navires flèche lourds, avec plus de points de vie, de portée et d\'attaque.', 0, 200, 200, 0, 73, NULL, 'bardage_de_navire_fleche.png'),
(418, 'Mur fortifié', 'Augmente les points de vie du mur.', 500, 0, 400, 0, 74, NULL, 'mur_fortifie.png'),
(419, 'Tour de garde', 'L\'attaque et les points de vie des tours sont augmentés.', 0, 300, 300, 0, 77, NULL, 'tour_de_garde.png'),
(420, 'Pigeons voyageurs', 'Augmente le champ de vision de tous les bâtiments.', 0, 400, 0, 0, 77, NULL, 'pigeons_voyageurs.png'),
(421, 'Huile bouillante', 'Permet aux tours, migdols, oppidums, forteresses et palais d\'attaquer les unités se trouvant en dessous d\'eux.', 100, 300, 0, 0, 77, NULL, 'huile_bouillante.png'),
(422, 'Soldats d\'académie militaire lourds', 'Les unités d\'académie militaire moyennes sont améliorées en unités d\'académie militaire lourdes, avec plus de points de vie et d\'attaque.', 0, 300, 300, 0, 78, NULL, 'soldats_d_academie_militaire_lourds.png'),
(423, 'Soldats de caserne enrôlés', 'Les hallebardiers et les Chu Ko Nu sont formés plus rapidement.', 300, 0, 0, 0, 78, NULL, 'soldats_de_caserne_enroles.png'),
(424, 'Cavalerie lourde', 'La cavalerie devient cavalerie lourde, avec plus de points de vie et d\'attaque.', 400, 0, 200, 0, 79, NULL, 'cavalerie_lourde.png'),
(425, 'Cavalerie enrôlée', 'La cavalerie s\'entraîne plus rapidement.', 300, 0, 0, 0, 79, NULL, 'cavalerie_enrolee.png'),
(426, 'Chevaux du détachement', 'Vitesse d\'arme de siège augmentée.', 300, 0, 200, 0, 82, NULL, 'chevaux_du_detachement.png'),
(427, 'Soldats de château lourds', 'Les unités de château moyennes sont améliorées en unités de château lourdes, avec plus de points de vie et d\'attaque.', 300, 0, 300, 0, 82, NULL, 'soldats_de_chateau_lourds.png'),
(428, 'Soldats de château enrôlés', 'Les lances de feu et les chars de guerre sont formés plus rapidement.', 600, 0, 0, 0, 82, NULL, 'soldats_de_chateau_enroles.png'),
(429, 'Armes en bronze', 'Améliore l\'attaque de tous les soldats, navires et bâtiments humains.', 300, 0, 300, 0, 80, NULL, 'armes_en_bronze.png'),
(430, 'Maille en bronze', 'Soldats et navires humains plus résistants aux attaques par armes tranchantes, telles les épées.', 300, 0, 200, 0, 80, NULL, 'maille_en_bronze.png'),
(431, 'Boucliers en bronze', 'Soldats et navires humains plus résistants aux attaques par armes perçantes, telles les flèches.', 0, 300, 200, 0, 80, NULL, 'boucliers_en_bronze.png'),
(432, 'Ambassadeurs', 'Réduit la somme du tribut à payer au marché.', 0, 0, 250, 0, 83, NULL, 'ambassadeurs.png'),
(433, 'Percepteurs', 'Réduit le coût de l\'achat ou de la vente de ressources au marché.', 200, 0, 200, 0, 83, NULL, 'percepteurs.png'),
(434, 'Défaite de Nezha', 'Ao Kuang améliore vos dragons en les rendant plus forts au combat.', 0, 300, 0, 25, 72, 58, 'defaite_de_nezha.png'),
(435, 'Écailles de dragon', 'Ao Kuang accorde des écailles de dragon à vos unités humaines, qui améliorent leur armure anti-tranchage.', 0, 0, 300, 25, 72, 58, 'ecailles_de_dragon.png'),
(436, 'Mer orientale', 'Ao Kuang réduit le coût de vos navires.', 0, 300, 300, 30, 72, 58, 'mer_orientale.png'),
(437, 'Feu céleste', 'Chongli supprime les coûts de nourriture et de bois de vos technologies d\'armurerie.', 0, 0, 400, 40, 72, 59, 'feu_celeste.png'),
(438, 'Étrier', 'Chongli augmente les points de vie de vos unités de cavalerie.', 300, 0, 200, 30, 72, 59, 'etrier.png'),
(439, 'Ancien destructeur', 'Chongli augmente la vitesse de déplacement de vos navires.', 0, 300, 300, 30, 72, 59, 'ancien_destructeur.png'),
(440, 'Esprit du tigre', 'Xi Wangmu augmente les points de vie et la vitesse de vos tigres blancs.', 0, 300, 0, 25, 72, 60, 'esprit_du_tigre.png'),
(441, 'Pêches dorées', 'Xi Wangmu augmente les points de vie de toutes vos unités de château.', 300, 0, 300, 30, 72, 60, 'peches_dorees.png'),
(442, 'Palais céleste', 'Xi Wangmu augmente les points de vie de vos châteaux et accélère la formation de leurs unités.', 0, 0, 300, 30, 72, 60, 'palais_celeste.png'),
(443, 'Contrôle des crues', 'Les villageois amassent la nourriture des fermes plus vite.', 0, 250, 350, 0, 71, NULL, 'controle_des_crues.png'),
(444, 'Omniscience', 'Votre dieu vous accorde le pouvoir de voir toutes les unités ennemies. Ce pouvoir a un coût par unité ennemie.', 0, 0, 100, 0, 72, NULL, 'omniscience.png'),
(445, 'Oxybèles navales', 'Transforme vos navires de siège en navires de siège lourds, avec plus de points de vie et de portée.', 0, 500, 200, 0, 73, NULL, 'oxybeles_navales.png'),
(446, 'Bélier renforcé', 'Transforme vos navires marteau en navires marteau lourds, avec plus de points de vie et d\'attaque.', 0, 300, 200, 0, 73, NULL, 'belier_renforce.png'),
(447, 'Marins conscrits', 'Les navires s\'entraînent plus vite.', 0, 500, 0, 0, 73, NULL, 'marins_conscrits.png'),
(448, 'Grand mur', 'Transforme les murs fortifiés en murs de citadelle, avec plus de points de vie.', 800, 0, 500, 0, 74, NULL, 'grand_mur.png'),
(449, 'Soldats d\'académie militaires champions', 'Les unités d\'académie militaire lourdes sont améliorées en unités d\'académie militaire championnes, avec plus de points de vie et d\'attaque.', 0, 400, 320, 0, 78, NULL, 'soldats_d_academie_militaire_champions.png'),
(450, 'Soldats de caserne conscrits', 'Les hallebardiers et les Chu Ko Nu sont formés plus rapidement.', 800, 0, 0, 0, 78, NULL, 'soldats_de_caserne_conscrits.png'),
(451, 'Cavalerie championne', 'La cavalerie devient cavalerie championne, avec plus de points de vie et d\'attaque.', 560, 0, 160, 0, 79, NULL, 'cavalerie_championne.png'),
(452, 'Cavalerie conscrite', 'La cavalerie s\'entraîne plus rapidement.', 500, 0, 0, 0, 79, NULL, 'cavalerie_conscrite.png'),
(453, 'Ingénieurs', 'Augmente l\'attaque et la portée des armes de siège, en particulier contre les murs.', 300, 0, 500, 0, 82, NULL, 'ingenieurs.png'),
(454, 'Soldats de château champions', 'Les unités de château lourdes sont améliorées en unités de château championnes, avec plus de points de vie et d\'attaque.', 400, 0, 320, 0, 82, NULL, 'soldats_de_chateau_champions.png'),
(455, 'Soldats de château conscrits', 'Les lances de feu et les chars de guerre sont formés plus rapidement.', 800, 0, 0, 0, 82, NULL, 'soldats_de_chateau_conscrits.png'),
(456, 'Armes en fer', 'Améliore l\'attaque de tous les soldats, navires et bâtiments humains.', 600, 0, 600, 0, 80, NULL, 'armes_en_fer.png'),
(457, 'Maille en fer', 'Soldats et navires humains plus résistants aux attaques par armes tranchantes, telles les épées.', 500, 0, 500, 0, 80, NULL, 'maille_en_fer.png'),
(458, 'Boucliers en fer', 'Soldats et navires humains plus résistants aux attaques par armes perçantes, telles les flèches.', 0, 500, 400, 0, 80, NULL, 'boucliers_en_fer.png'),
(459, 'Goudron brûlant', 'Les archers, les navires flèche, les balistes et les chierobalistes tirent des projectiles enflammés, plus efficaces contre les bâtiments et les navires.', 0, 500, 300, 0, 80, NULL, 'goudron_brulant.png'),
(460, 'Monnaie', 'Augmente la vitesse des caravanes.', 0, 0, 200, 0, 83, NULL, 'monnaie.png'),
(461, 'Seigneur des chevaux', 'Poséidon augmente le champ de vision de votre cavalerie et de vos éclaireurs.', 75, 0, 0, 3, 11, 2, 'seigneur_des_chevaux.png'),
(462, 'Les cavernes d\'Erèbe', 'Les cavernes d\'Hadès fournissent un revenu d\'or lent, mais régulier.', 100, 0, 0, 5, 2, 3, 'les_cavernes_d_erebe.png');

-- --------------------------------------------------------

--
-- Structure de la table `aom_batiment`
--

DROP TABLE IF EXISTS `aom_batiment`;
CREATE TABLE IF NOT EXISTS `aom_batiment` (
  `idBatiment` int(3) NOT NULL AUTO_INCREMENT,
  `nomBatiment` varchar(25) NOT NULL,
  `descriptionBatiment` varchar(255) DEFAULT NULL,
  `coutNourriture` int(5) NOT NULL,
  `coutBois` int(5) NOT NULL,
  `coutOr` int(5) NOT NULL,
  `coutFaveur` int(5) NOT NULL,
  `idCivilisation` int(1) NOT NULL,
  `idAge` int(1) NOT NULL,
  `imgBatiment` varchar(255) DEFAULT NULL,
  PRIMARY KEY (`idBatiment`),
  KEY `FK_idCivilisationBatiment` (`idCivilisation`),
  KEY `FK_idAgeBatiment` (`idAge`)
) ENGINE=InnoDB AUTO_INCREMENT=86 DEFAULT CHARSET=utf8;

--
-- Déchargement des données de la table `aom_batiment`
--

INSERT INTO `aom_batiment` (`idBatiment`, `nomBatiment`, `descriptionBatiment`, `coutNourriture`, `coutBois`, `coutOr`, `coutFaveur`, `idCivilisation`, `idAge`, `imgBatiment`) VALUES
(1, 'Forum', 'Entraîne et accueille les villageois, abrite les ressources et permet d\'avancer dans les âges. Les forums ne sont construits que sur des colonies.', 100, 300, 300, 0, 1, 1, 'G_forum.png'),
(2, 'Entrepôt', 'Dépôt pour le bois et l\'or.', 0, 50, 0, 0, 1, 1, 'entrepot.png'),
(3, 'Grenier', 'Dépôt pour toute sorte de nourriture.', 0, 50, 0, 0, 1, 1, 'grenier.png'),
(4, 'Port', 'Construit des navires et des unités mythiques navales et sert de dépôt pour le poisson. Ils doivent être construits près de l\'eau.', 0, 100, 0, 0, 1, 1, 'port.png'),
(5, 'Mur en bois', 'Protège les villes. Appuyez sur Maj tout en cliquant pour placer les sections du mur, puis cliquez pour placer le mur lui-même.', 0, 0, 3, 0, 1, 1, 'mur_en_bois.png'),
(6, 'Maison', 'Accueille 10 habitants. Après avoir construit 10 maisons, vous aurez besoin de forums pour accueillir une population plus importante.', 0, 50, 0, 0, 1, 1, 'maison.png'),
(7, 'Temple', 'Entraîne les unités mythiques et fournit des améliorations mythologiques accordées par les dieux.', 0, 100, 100, 0, 1, 1, 'temple.png'),
(8, 'Tour sentinelle', 'Offre un champ de vision autour de votre ville et permet de mettre des unités en garnison à l\'intérieur. Transformez-les pour les faire tirer sur l\'ennemi.', 0, 200, 100, 0, 1, 2, 'tour_sentinelle.png'),
(9, 'Académie militaire', 'Les académies grecques entraînent les unités d\'infanterie et de contre-infanterie.', 0, 100, 0, 0, 1, 2, 'academie_militaire.png'),
(10, 'Camp de tir à l\'arc', 'Les camps de tir à l\'arc grecs entraînent les unités d\'archers et de contre-archers.', 0, 100, 0, 0, 1, 2, 'camp_de_tir_a_l_arc.png'),
(11, 'Ecurie', 'Les écuries grecques entraînent les unités de cavalerie et de contre-cavalerie.', 0, 100, 0, 0, 1, 2, 'ecurie.png'),
(12, 'Armurerie', 'Vous permet d\'améliorer les armes et l\'armure de l\'infanterie, des archers et de la cavalerie.', 0, 150, 0, 0, 1, 2, 'armurerie.png'),
(13, 'Ferme', 'Les fermes fournissent de la nourriture de façon illimitée, mais plus lentement que la chasse ou l\'élevage de troupeaux.', 0, 75, 0, 0, 1, 2, 'ferme.png'),
(14, 'Marché', 'Vous pouvez entraîner les caravanes et commercialiser des ressources sur votre marché.', 0, 300, 0, 0, 1, 3, 'marche.png'),
(15, 'Forteresse', 'Les forteresses grecques entraînent les unités uniques et les unités de siège, mettent en garnison les unités et lancent des flèches.', 0, 300, 300, 10, 1, 3, 'forteresse.png'),
(16, 'Merveille', 'Vous gagnez une fois votre merveille finie et le compte à rebours revenu à zéro.', 1000, 1000, 1000, 50, 1, 4, 'merveille.png'),
(17, 'Secrets des Titans', 'La découverte de secrets des Titans vous confère un pouvoir divin vous permettant de positionner la porte de Titans.', 800, 800, 800, 50, 1, 4, 'secrets_des_titans.png'),
(18, 'Forum', 'Entraîne et accueille les villageois, abrite les ressources et permet d\'avancer dans les âges. Les forums ne sont construits que sur des colonies.', 100, 0, 400, 0, 2, 1, 'E_forum.png'),
(19, 'Camp de bûcherons', 'Dépôt pour le bois', 0, 0, 0, 0, 2, 1, 'camp_de_bucherons.png'),
(20, 'Camp de mineurs', 'Dépôt pour l\'or', 0, 0, 0, 0, 2, 1, 'camp_de_mineurs.png'),
(21, 'Grenier', 'Dépôt pour toute sorte de nourriture.', 0, 0, 0, 0, 2, 1, 'grenier.png'),
(22, 'Port', 'Construit des navires et des unités mythiques navales et sert de dépôt pour le poisson. Ils doivent être construits près de l\'eau.', 0, 0, 50, 0, 2, 1, 'port.png'),
(23, 'Mur en bois', 'Protège les villes. Appuyez sur Maj tout en cliquant pour placer les sections du mur, puis cliquez pour placer le mur lui-même.', 0, 0, 3, 0, 2, 1, 'mur_en_bois.png'),
(24, 'Ferme', 'Les fermes fournissent de la nourriture de façon illimitée, mais plus lentement que la chasse ou l\'élevage de troupeaux.', 0, 0, 70, 0, 2, 1, 'ferme.png'),
(25, 'Maison', 'Accueille 10 habitants. Après avoir construit 10 maisons, vous aurez besoin de forums pour accueillir une population plus importante.', 0, 0, 0, 0, 2, 1, 'maison.png'),
(26, 'Obélisque', 'Appelé par les prêtres égyptiens pour aider les éclaireurs et fournir un champ de vision.', 0, 0, 10, 0, 2, 1, 'obelisque.png'),
(27, 'Temple', 'Entraîne les unités mythiques et fournit des améliorations mythologiques accordées par les dieux.', 0, 0, 100, 0, 2, 1, 'temple.png'),
(28, 'Monument pour villageois', 'Petit monument. Les monuments génèrent des faveurs. Construisez de petits monuments avant d\'en construire de plus grands.', 50, 0, 50, 0, 2, 1, 'monument_pour_villageois.png'),
(29, 'Tour sentinelle', 'Offre un champ de vision autour de votre ville et permet de mettre des unités en garnison à l\'intérieur. Transformez-les pour les faire tirer sur l\'ennemi.', 0, 0, 200, 0, 2, 2, 'tour_sentinelle.png'),
(30, 'Caserne', 'La caserne égyptienne entraîne les lanciers, les hommes d\'armes et les frondeurs.', 0, 0, 75, 0, 2, 2, 'academie_militaire.png'),
(31, 'Armurerie', 'Vous permet d\'améliorer les armes et l\'armure de l\'infanterie, des archers et de la cavalerie.', 0, 0, 0, 0, 2, 2, 'armurerie.png'),
(32, 'Bastion de migdol', 'Les migdols égyptiens entraînent les chars, la méharée et les éléphants de guerre, mettent les unités en garnison et tirent des flèches.', 0, 0, 400, 10, 2, 3, 'bastion_de_migdol.png'),
(33, 'Marché', 'Vous pouvez entraîner les caravanes et commercialiser des ressources sur votre marché.', 0, 0, 0, 0, 2, 3, 'marche.png'),
(34, 'Travaux de siège', 'Construit des armes de siège puissantes.', 0, 0, 75, 0, 2, 3, 'travaux_de_siege.png'),
(35, 'Merveille', 'Vous gagnez une fois votre merveille finie et le compte à rebours revenu à zéro.', 1000, 0, 1500, 50, 2, 4, 'merveille.png'),
(36, 'Secrets des Titans', 'La découverte des secrets des Titans vous confère un pouvoir divin vous permettant de positionner la porte des Titans.', 800, 800, 800, 50, 2, 4, 'secrets_des_titans.png'),
(37, 'Phare', 'Fournit un champ de vision immense, mais ne permet pas d\'attaquer.', 0, 200, 300, 0, 2, 4, 'phare.png'),
(38, 'Forum', 'Entraîne et accueille les villageois, abrite les ressources et permet d\'avancer dans les âges. Les forums ne sont construits que sur des colonies.', 100, 300, 300, 0, 3, 1, 'S_forum.png'),
(39, 'Char à boeufs', 'Dépôt mobile scandinave pour la nourriture, le bois et l\'or.', 50, 50, 0, 0, 3, 1, 'char_a_boeufs.png'),
(40, 'Port', 'Construit des navires et des unités mythiques navales et sert de dépôt pour le poisson. Ils doivent être construits près de l\'eau.', 0, 120, 0, 0, 3, 1, 'port.png'),
(41, 'Mur en bois', 'Protège les villes. Appuyez sur Maj tout en cliquant pour placer les sections du mur, puis cliquez pour placer le mur lui-même.', 0, 0, 3, 0, 3, 1, 'mur_en_bois.png'),
(42, 'Maison', 'Accueille 10 habitants. Après avoir construit 10 maisons, vous aurez besoin de forums pour accueillir une population plus importante.', 0, 40, 0, 0, 3, 1, 'maison.png'),
(43, 'Temple', 'Entraîne les unités mythiques et fournit des améliorations mythologiques accordées par les dieux.', 0, 80, 100, 0, 3, 1, 'temple.png'),
(44, 'Ferme', 'Les fermes fournissent de la nourriture de façon illimitée, mais plus lentement que la chasse ou l\'élevage de troupeaux.', 0, 75, 0, 0, 3, 2, 'ferme.png'),
(45, 'Maison communale', 'Les maisons communales scandinaves entraînent l\'infanterie et la cavalerie de base.', 0, 110, 0, 0, 3, 2, 'academie_militaire.png'),
(46, 'Tour sentinelle', 'Offre un champ de vision autour de votre ville et permet de mettre des unités en garnison à l\'intérieur. Transformez-les pour les faire tirer sur l\'ennemi.', 0, 200, 100, 0, 3, 2, 'tour_sentinelle.png'),
(47, 'Armurerie', 'Vous permet d\'améliorer les armes et l\'armure de l\'infanterie, des archers et de la cavalerie.', 0, 150, 0, 0, 3, 2, 'armurerie.png'),
(48, 'Marché', 'Vous pouvez entraîner les caravanes et commercialiser des ressources sur votre marché.', 0, 240, 0, 0, 3, 3, 'marche.png'),
(49, 'Fort de la colline', 'Les forts de la colline scandinaves entraînent les unités d\'élite et les unités de siège, mettent en garnison les unités et lancent des flèches.', 0, 250, 250, 5, 3, 3, 'fort_de_la_colline.png'),
(50, 'Merveille', 'Vous gagnez une fois votre merveille finie et le compte à rebours revenu à zéro.', 1000, 1000, 1000, 50, 3, 4, 'merveille.png'),
(51, 'Secrets des Titans', 'La découverte de secrets des Titans vous confère un pouvoir divin vous permettant de positionner la porte de Titans.', 800, 800, 800, 50, 3, 4, 'secrets_des_titans.png'),
(52, 'Armurerie des nains', 'L\'armurerie spéciale de Thor améliore les armes et armures de l\'infanterie et de la cavalerie.', 0, 75, 0, 0, 3, 1, 'armurerie.png'),
(53, 'Forum', 'Entraîne et accueille les villageois, abrite les ressources et permet d\'avancer dans les âges. Les forums ne sont construits que sur des colonies.', 100, 275, 275, 0, 4, 1, 'A_forum.png'),
(54, 'Guilde économique', 'Les guildes permettent de réaliser toutes les améliorations économiques atlantéennes.', 0, 80, 15, 0, 4, 1, 'grenier.png'),
(55, 'Mur en bois', 'Protège les villes. Appuyez sur Maj tout en cliquant pour placer les sections du mur, puis cliquez pour placer le mur lui-même.', 0, 0, 5, 0, 4, 1, 'mur_en_bois.png'),
(56, 'Port', 'Construit des navires et des unités mythiques navales et sert de dépôt pour le poisson. Ils doivent être construits près de l\'eau.', 0, 125, 0, 0, 4, 1, 'port.png'),
(57, 'Temple', 'Entraîne les unités mythiques et fournit des améliorations mythologiques accordées par les dieux.', 0, 100, 100, 0, 4, 1, 'temple.png'),
(58, 'Manoir', 'Accueille 20 habitants. Après avoir construit 5 manoirs, vous devrez construire des forums pour accueillir les autres unités de population.', 0, 80, 25, 0, 4, 1, 'manoir.png'),
(59, 'Tour sentinelle', 'Offre un champ de vision autour de votre ville et permet de mettre des unités en garnison à l\'intérieur. Transformez-les pour les faire tirer sur l\'ennemi.', 0, 200, 100, 0, 4, 2, 'tour_sentinelle.png'),
(60, 'Caserne militaire', 'Les casernes militaires atlantéennes entraînent des mirmillons, des contarius et des arcus.', 0, 75, 35, 0, 4, 2, 'academie_militaire.png'),
(61, 'Contre-caserne', 'Les contre-casernes atlantéennes entraînent des unités de contre-cavalerie, de contre-infanterie, ainsi que des contre-archers.', 0, 100, 25, 0, 4, 2, 'contre_caserne.png'),
(62, 'Armurerie', 'Vous permet d\'améliorer les armes et l\'armure de l\'infanterie, des archers et de la cavalerie.', 0, 150, 0, 0, 4, 2, 'armurerie.png'),
(63, 'Ferme', 'Les fermes fournissent de la nourriture de façon illimitée, mais plus lentement que la chasse ou l\'élevage de troupeaux.', 0, 200, 0, 0, 4, 2, 'ferme.png'),
(64, 'Marché', 'Vous pouvez entraîner les caravanes et commercialiser des ressources sur votre marché.', 0, 300, 0, 0, 4, 3, 'marche.png'),
(65, 'Palais', 'Les palais atlantéens entraînent des unités royales, fidèles au roi, permettent de mettre les unités en garnison et tirent des flèches.', 0, 300, 300, 8, 4, 3, 'palais.png'),
(66, 'Merveille', 'Vous gagnez une fois votre merveille finie et le compte à rebours revenu à zéro.', 1000, 1000, 1000, 50, 4, 4, 'merveille.png'),
(67, 'Secrets des Titans', 'La découverte de secrets des Titans vous confère un pouvoir divin vous permettant de positionner la porte de Titans.', 800, 800, 800, 50, 4, 4, 'secrets_des_titans.png'),
(68, 'Tour à miroir', 'Tour émettant un rayon de lumière solaire concentrée.', 0, 250, 100, 3, 4, 4, 'tour_a_miroir.png'),
(69, 'Passage du ciel', 'Les unités pouvant être mises en garnison peuvent se déplacer d\'un passage du ciel à un autre.', 0, 200, 150, 3, 4, 1, 'passage_du_ciel.png'),
(70, 'Forum', 'Entraîne et accueille les villageois, abrite les ressources et permet d\'avancer dans les âges. Les forums ne sont construits que sur des colonies.', 100, 240, 300, 0, 5, 1, 'C_forum.png'),
(71, 'Puit de stockage', 'Dépôt pour toute sorte de nourriture, de bois et d\'or.', 0, 40, 0, 0, 5, 1, 'puit_de_stockage.png'),
(72, 'Temple', 'Entraîne les unités mythiques et fournit des améliorations mythologiques accordées par les dieux.', 0, 80, 100, 0, 5, 1, 'temple.png'),
(73, 'Port', 'Construit des navires et des unités mythiques navales et sert de dépôt pour le poisson. Ils doivent être construits près de l\'eau.', 0, 100, 0, 0, 5, 1, 'port.png'),
(74, 'Mur en bois', 'Protège les villes. Appuyez sur Maj tout en cliquant pour placer les sections du mur, puis cliquez pour placer le mur lui-même.', 0, 0, 3, 0, 5, 1, 'mur_en_bois.png'),
(75, 'Maison', 'Accueille 10 habitants. Après avoir construit 10 maisons, vous aurez besoin de forums pour accueillir une population plus importante.', 0, 40, 0, 0, 5, 1, 'maison.png'),
(76, 'Jardin', 'Génère des ressources.', 25, 28, 25, 0, 5, 1, 'jardin.png'),
(77, 'Tour sentinelle', 'Offre un champ de vision autour de votre ville et permet de mettre des unités en garnison à l\'intérieur. Transformez-les pour les faire tirer sur l\'ennemi.', 0, 160, 100, 0, 5, 2, 'tour_sentinelle.png'),
(78, 'Académie militaire', 'Les académies militaires chinoises forment les unités d\'infanterie et les archers à pieds.', 0, 80, 0, 0, 5, 2, 'academie_militaire.png'),
(79, 'Ecurie', 'Les écuries chinoises forment la cavalerie et les archers montés.', 0, 80, 0, 0, 5, 2, 'ecurie.png'),
(80, 'Armurerie', 'Vous permet d\'améliorer les armes et l\'armure de l\'infanterie, des archers et de la cavalerie.', 0, 120, 0, 0, 5, 2, 'armurerie.png'),
(81, 'Ferme', 'Les fermes fournissent de la nourriture de façon illimitée, mais plus lentement que la chasse ou l\'élevage de troupeaux.', 0, 60, 0, 0, 5, 2, 'ferme.png'),
(82, 'Château', 'Le château chinois forme des unités uniques et des unités de siège ; mettez-y des unités en garnison pour tirer des flèches.', 0, 240, 300, 10, 5, 3, 'chateau.png'),
(83, 'Marché', 'Vous pouvez entraîner les caravanes et commercialiser des ressources sur votre marché.', 0, 240, 0, 0, 5, 3, 'marche.png'),
(84, 'Merveille', 'Vous gagnez une fois votre merveille finie et le compte à rebours revenu à zéro.', 1000, 800, 1000, 50, 5, 4, 'merveille.png'),
(85, 'Secrets des Titans', 'La découverte de secrets des Titans vous confère un pouvoir divin vous permettant de positionner la porte de Titans.', 800, 800, 800, 50, 5, 4, 'secrets_des_titans.png');

-- --------------------------------------------------------

--
-- Structure de la table `aom_civilisation`
--

DROP TABLE IF EXISTS `aom_civilisation`;
CREATE TABLE IF NOT EXISTS `aom_civilisation` (
  `idCivilisation` int(2) NOT NULL AUTO_INCREMENT,
  `nomCivilisation` varchar(25) NOT NULL,
  `imgCivilisation` varchar(255) DEFAULT NULL,
  PRIMARY KEY (`idCivilisation`)
) ENGINE=InnoDB AUTO_INCREMENT=6 DEFAULT CHARSET=utf8;

--
-- Déchargement des données de la table `aom_civilisation`
--

INSERT INTO `aom_civilisation` (`idCivilisation`, `nomCivilisation`, `imgCivilisation`) VALUES
(1, 'Grecs', 'grecs.png'),
(2, 'Egyptiens', 'egyptiens.png'),
(3, 'Scandinaves', 'scandinaves.png'),
(4, 'Atlantéens', 'atlanteens.png'),
(5, 'Chinois', 'chinois.png');

-- --------------------------------------------------------

--
-- Structure de la table `aom_dieu`
--

DROP TABLE IF EXISTS `aom_dieu`;
CREATE TABLE IF NOT EXISTS `aom_dieu` (
  `idDieu` int(3) NOT NULL AUTO_INCREMENT,
  `nomDieu` varchar(25) NOT NULL,
  `idCivilisation` int(2) NOT NULL,
  `idAge` int(1) NOT NULL,
  `descriptionDieu` varchar(255) DEFAULT NULL,
  `pouvoirDieu` varchar(25) NOT NULL,
  `descriptionPouvoir` varchar(255) NOT NULL,
  `dieuxAccessibles` varchar(20) DEFAULT NULL,
  `imgDieu` varchar(255) DEFAULT NULL,
  PRIMARY KEY (`idDieu`),
  KEY `FK_idAgeDieu` (`idAge`),
  KEY `FK_idCivilisationDieu` (`idCivilisation`)
) ENGINE=InnoDB AUTO_INCREMENT=61 DEFAULT CHARSET=utf8;

--
-- Déchargement des données de la table `aom_dieu`
--

INSERT INTO `aom_dieu` (`idDieu`, `nomDieu`, `idCivilisation`, `idAge`, `descriptionDieu`, `pouvoirDieu`, `descriptionPouvoir`, `dieuxAccessibles`, `imgDieu`) VALUES
(1, 'Zeus', 1, 1, 'ÉLÉMENTS : infanterie et héros. BONUS : faveur octroyée dès le début, en gagne plus vite et plus que la normale. Les hoplites se déplacent plus vite. L\'infanterie fait plus de dégâts aux bâtiments.', 'Eclair', 'Un éclair s\'abat du ciel, tuant toutes les unités isolées. Vous pouvez lancer un éclair sur un Titan, mais cela ne le tuera pas.', '4_5_7_8_10_11', 'zeus.png'),
(2, 'Poséidon', 1, 1, 'ÉLÉMENTS : cavalerie. BONUS : bâtiments rasés créent milice. Les hippocampes réssucités au port peuvent explorer la mer. Le commerce au marché, la cavalerie et les écuries sont plus économiques.', 'Embuscade', 'Visez un emplacement pour y déposer une pierre spéciale qui attire les animaux. Après avoir attiré un certains nombres d\'animaux, l\'Embuscade se désagrège.', '5_6_8_9_10_12', 'poseidon.png'),
(3, 'Hadès', 1, 1, 'ÉLÉMENTS : archers et bâtiments. BONUS : soldats se transforment en ombres pour reprendre le combat. Plus de points de vie pour les bâtiments. Meilleure attaque des bâtiments et archers.', 'Sentinelle', 'Visez l\'un de vos propres forums ou un forum allié pour qu\'il soit protégé par des gardiens de pierre.', '4_6_7_9_10_12', 'hades.png'),
(4, 'Athéna', 1, 2, 'Déesse de la sagesse et de la guerre. Elle renforce la défense de l\'infanterie.', 'Rétablissement', 'Visez un endroit pour soigner les unités et réparer les bâtiments, armes de siège et navires vous appartenant ou appartenant à vos alliés.', NULL, 'athena.png'),
(5, 'Hermès', 1, 2, 'Dieu des messagers. Ses pouvoirs profitent à votre cavalerie.', 'Cessez le feu', 'Visez un endroit de la carte pour empêcher tous les joueurs de se battre et de construire des tours ou des forteresses pendant quelques instants.', NULL, 'hermes.png'),
(6, 'Arès', 1, 2, 'Dieu du combat et du massacre. Il renforce l\'efficacité des attaques de soldats humains.', 'Pestilence', 'Visez près des bâtiments militaires de l\'ennemi pour l\'empêcher d\'entraîner de nouvelles unités militaires.', NULL, 'ares.png'),
(7, 'Apollon', 1, 3, 'Dieu du soleil et de la musique. Ses pouvoirs profitent aux archers.', 'Passage des enfers', 'Sélectionnez deux points de la carte afin de créer les entrées des enfers, par lesquels les unités peuvent passer.', NULL, 'apollon.png'),
(8, 'Dionysos', 1, 3, 'Dieu du vin et de la fête. Son soutien profite à votre cavalerie.', 'Bronze', 'Visez un endroit de la carte pour transformer en bronze la peau de vos soldats et vos alliés, ainsi que vos navires et ceux de vos alliés, et réduire ainsi leur vulnérabilité au combat.', NULL, 'dionysos.png'),
(9, 'Aphrodite', 1, 3, 'Déesse de l\'amour et de la beauté. Vos villageois bénéficient de ses améliorations.', 'Malédiction', 'Visez près des soldats ou villageois ennemis pour transformer plusieurs des unités ennemies en porcs.', NULL, 'aphrodite.png'),
(10, 'Héphaïstos', 1, 4, 'Dieu de la forge et tu travail. Son aide permet de renforcer les armures et les armes des soldats humains.', 'Abondance', 'Sélectionnez un emplacement pour ériger cette grande caverne. La générosité des dieux affluera dans vos coffres aussi longtemps que vous le contrôlerez.', NULL, 'hephaistos.png'),
(11, 'Héra', 1, 4, 'Déesse du foyer. Son aide permet de renforcer vos bâtiments et vos unités mythiques.', 'Orage foudroyant', 'Visez un endroit pour y faire déferler un orage électrique de l\'Olympe. Puissant contre les unités, mais faible contre les bâtiments.', NULL, 'hera.png'),
(12, 'Artémis', 1, 4, 'Déesse de la chasse et de la nature. Ses améliorations aident les archers.', 'Séisme', 'Visez près d\'un ennemi pour détruire ses bâtiments et jeter au sol ses unités. Puissant contre les bâtiments, faible contre les unités.', NULL, 'artemis.png'),
(13, 'Isis', 2, 1, 'ÉLÉMENTS : économie et technologie. BONUS : monuments sont protégés des dieux ennemis. +3 unités de population pour les forums. Améliorations plus économiques. Obélisques plus économiques et construction plus rapides.', 'Prospérité', 'Visez un endroit pour que tous vos villageois amassent l\'or plus rapidement.', '16_17_19_20_22_23', 'isis.png'),
(14, 'Râ', 2, 1, 'ÉLÉMENTS : chars et méharis. BONUS : pharaons donnent plus de pouvoir, prêtres peuvent en donner. Chars et méharis plus rapides et plus de points de vie. Monuments moins coûteux et plus solides.', 'Pluie', 'Visez un endroit pour que tous les villageois de la carte amassent les denrées des fermes plus rapidement. Vos villageois sont les plus rapides.', '17_18_19_21_22_24', 'ra.png'),
(15, 'Seth', 2, 1, 'ÉLÉMENTS : archers. BONUS : prêtres domestiquent animaux sauvages. Pharaons appellent des animaux. Entraînement plus rapide des archers. Frondeurs plus puissants. Bastions de migdol moins coûteux.', 'Vision', 'Visez une partie de la carte pour qu\'elle soit temporairement révélée.', '16_18_20_21_23_24', 'seth.png'),
(16, 'Anubis', 2, 2, 'Dieu du jugement et des morts. Il aide les unités d\'infanterie et les unités mythiques.', 'Fléau de serpents', 'Visez un endroit sur la carte pour faire sortir du sol de dangereux serpents qui protégeront cette région de vos ennemis', NULL, 'anubis.png'),
(17, 'Bastet', 2, 2, 'Déesse de la protection et des chats. Vos villageois bénéficient de ses améliorations.', 'Éclipse', 'Visez un endroit de la carte pour passer du jour à la nuit, ce qui améliore l\'attaque et la vitesse de toutes vos unités mythologiques pendant un court instant.', NULL, 'bastet.png'),
(18, 'Ptah', 2, 2, 'Dieu de la création. Il renforce vos progrès technologiques.', 'Sables mouvants', 'Visez vos unités ou celles de l\'ennemi, puis visez un endroit où vous voulez les téléporter.', NULL, 'ptah.png'),
(19, 'Hathor', 2, 3, 'Déesse du ciel de l\'amour et de la fertilité. Vos bâtiments bénéficient de ses améliorations.', 'Nuée de sauterelles', 'Visez près d\'une ferme ou d\'un navire de pêche ennemi pour y faire déferler un fléau de sauterelles.', NULL, 'hathor.png'),
(20, 'Nephtys', 2, 3, 'Déesse de la nuit et de la mort. Vos prêtres bénéficient de ses améliorations.', 'Ancêtres', 'Visez près d\'une armée ou une flotte ennemie et des soldats morts depuis longtemps se relèveront après un bref instant pour lutter à nouveau.', NULL, 'nephtys.png'),
(21, 'Sekhmet', 2, 3, 'Déesse de la guerre et du désert. Elle soutient les archers et les sièges.', 'Citadelle', 'Sélectionnez un de vos forums ou un forum allié pour le transformer en citadelle défensive et puissante.', NULL, 'sekhmet.png'),
(22, 'Osiris', 2, 4, 'Dieu du jugement. Il renforce les performances des méharis.', 'Fils d\'Osiris', 'Visez votre pharaon pour le transformer en un demi-dieu donnant beaucoup de pouvoir et brandissant la foudre.', NULL, 'osiris.png'),
(23, 'Thot', 2, 4, 'Dieu de la sagesse. Il aide vos unités du bastion de migdol.', 'Météorite', 'Visez une zone ennemie pour la bombarder avec des roches célestes en fusion. Puissant contre les bâtiments, moyennement efficace contre les unités.', NULL, 'thot.png'),
(24, 'Horus', 2, 4, 'Dieu de la vengeance. Il améliore l\'efficacité de l\'infanterie.', 'Tornade', 'Visez près d\'un ennemi pour déclencher un cyclone qui aspire les bâtiments et unités dans le ciel, mais tenez vous à l\'écart.', NULL, 'horus.png'),
(25, 'Odin', 3, 1, 'ÉLÉMENTS : fort de la colline. BONUS : soldats récupèrent de leurs blessures. Corbeaux immortels pour aider éclaireurs. Plus de points de vie pour unités du fort de colline. Villageois chassent plus vite.', 'Bonne chasse', 'Visez un groupe d\'animaux pour multiplier leur nombre. Une seule bonne chasse peut affecter un animal en particulier.', '29_30_31_32_34_35', 'odin.png'),
(26, 'Thor', 3, 1, 'ÉLÉMENTS : nains et armurerie BONUS : armurerie spéciale constructible à tout âge et améliorations moins coûteuses. Deux nains au départ. Nains moins coûteux et amassent plus vite nourriture et bois.', 'Mine de nains', 'Sélectionnez l\'emplacement de votre nouvelle mine d\'or. Elle sera plus aurifère si elle est utilisée à un âge postérieur. Quiconque peut y travailler, mais les nains sont plus rapides.', '28_30_32_33_34_35', 'thor.png'),
(27, 'Loki', 3, 1, 'ÉLÉMENTS : hersirs et unités mythiques. BONUS : hersirs appellent unités mythiques pendant les combats. Moins coûteuses en faveur. Char à boeufs moins coûteux ou solides, mais plus rapide. Entraînement plus rapide des unités de maisons communales.', 'Espion', 'Visez une unité ennemie pour voir secrètement ce que voit l\'ennemi.', '28_29_31_33_35_36', 'loki.png'),
(28, 'Forsete', 3, 2, 'Dieu de la justice. Il aide vos ulfsarks et vos et vos hersirs.', 'Source soignante', 'Prenez pour cible l\'emplacement de la carte pour y faire surgir une source soignant toute unité alentour. La source ne peut pas être détruite, mais peut être prise par les forces ennemies', NULL, 'forsete.png'),
(29, 'Heimdall', 3, 2, 'Dieu de la vigilance. Les améliorations qu\'il apporte profitent à vos bâtiments.', 'Destruction', 'Visez près des murs, des tours, ou des forteresses des ennemis pour les faire s\'écrouler.', NULL, 'heimdall.png'),
(30, 'Freyja', 3, 2, 'Déesse de la beauté. Elle aide votre cavalerie.', 'Feu de forêt', 'Visez une forêt pour la brûler jusqu\'aux racines, endommageant ainsi les unités et bâtiments environnants', NULL, 'freyja.png'),
(31, 'Njord', 3, 3, 'Dieu de la mer et des orages. Il renforce les navires et les forts de la colline.', 'Bois animés', 'Visez près d\'une forêt pour animer les arbres et leur faire attaquer les ennemis alentour. Les arbres animés sont forts contre les bâtiments et convenables contre les unités.', NULL, 'njord.png'),
(32, 'Skadi', 3, 3, 'Déesse de l\'hiver et de la chasse. Son soutien profite à vos lanceurs de haches.', 'Gel', 'Visez près d\'un ennemi pour geler ses soldats pendant quelques instants.', NULL, 'skadi.png'),
(33, 'Bragi', 3, 3, 'Dieu de la poésie et des scaldes. Il aide vos ulfsarks', 'Armes enflammées', 'Visez un de vos soldats pour que les armes de tous vos soldats humains, vos armes de siège et vos navires s\'enflamment, ce qui augmentera leur attaque.', NULL, 'bragi.png'),
(34, 'Baldr', 3, 4, 'Dieu de la beauté. Ses améliorations aident le siège et la cavalerie.', 'Ragnarok', 'Visez un endroit de la carte pour transformer définitivement tous vos amasseurs et vos nains en puissants héros.', NULL, 'baldr.png'),
(35, 'Tyr', 3, 4, 'Dieu de la guerre. Il apporte son soutien à votre infanterie.', 'Hiver Fimbul', 'Visez un endroit de la carte pour appeler des meutes de loups féroces qui attaqueront quatre forums ennemis.', NULL, 'tyr.png'),
(36, 'Hel', 3, 4, 'Déesse des enfers. Ses améliorations ciblent les unités mythiques.', 'Nidhogg', 'Sélectionnez un emplacement pour appeler le puissant dragon scandinave et le faire sortir de sa tanière souterraine.', NULL, 'hel.png'),
(37, 'Cronos', 4, 1, 'ÉLÉMENTS : Unités de siège et unités mythiques. BONUS :Les bâtiments peuvent être déplacés temporellement d\'un endroit à l\'autre sur la carte. Les unités de siège et les unités mythiques sont plus économiques.', 'Déconstruction', 'Visez un bâtiment ennemi pour le déconstruire. Le joueur visé récupère ses ressources.', '40_41_43_44_46_47', 'cronos.png'),
(38, 'Ouranos', 4, 1, 'ÉLÉMENTS : Unités militaires humaines. BONUS : Peut créer des passages du ciel permettant aux unités de se déplacer rapidement d\'un endroit à un autre. Partage son champ de vision avec toutes les colonies alliées.', 'Onde de choc', 'Visez un endroit de la carte pour projeter les unités ennemies dans les airs, ce qui les assomme pendant quelques secondes.', '40_42_43_45_46_48', 'ouranos.png'),
(39, 'Gaia', 4, 1, 'ÉLÉMENTS : Économie et unités économiques. BONUS : Bâtiments couverts de végétation. Ennemis ne peuvent pas y construire. Bâtiments se régénèrent. Améliorations économiques moins chères. Navires de pêche, caravanes moins chers, plus de points de vie.', 'Forêt de Gaia', 'Sélectionnez un endroit pour créer une Forêt de Gaia.', '41_42_44_45_47_48', 'gaia.png'),
(40, 'Prométhée', 4, 2, 'Titan, dieu de la prescience. Ses améliorations permettent de créer davantage de héros.', 'Valeur', 'Visez un groupe d\'unités humaines pour en convertir certaines en héros.', NULL, 'promethee.png'),
(41, 'Léto', 4, 2, 'Titan, déesse des êtres occultes. Ses améliorations sont bénéfiques à vos automates.', 'Repaire d\'araignées', 'Visez pour déposer des oeufs d\'araignée qui écloront. Les ennemis passant par là seront tués par les araignées. Les oeufs peuvent être détruits avant éclosion.', NULL, 'leto.png'),
(42, 'Océan', 4, 2, 'Titan, dieu de l\'eau. Ses améliorations sont bénéfiques à votre infanterie.', 'Carnivora', 'Donne naissance à une plante carnivore géante.', NULL, 'ocean.png'),
(43, 'Hypérion', 4, 3, 'Titan, dieu de la vision et de l\'observation. Ses améliorations sont bénéfiques à vos héros.', 'Chaos', 'Visez un groupe ennemi pour le rendre hostile à tous.', NULL, 'hyperion.png'),
(44, 'Rhéa', 4, 3, 'Titan, déesse de la fertilité. Ses améliorations permettent d\'obtenir davantage de faveurs.', 'Traître', 'Visez une unité ennemie pour la convertir en votre faveur.', NULL, 'rhea.png'),
(45, 'Théia', 4, 3, 'Titan, déesse de la vue. Ses améliorations sont bénéfiques à votre cavalerie.', 'Héspérides', 'Sélectionnez un endroit pour y créer un arbre vous permettant d\'y entraîner des Dryades, unités mythiques.', NULL, 'theia.png'),
(46, 'Hélios', 4, 4, 'Titan, dieu du soleil. Ses améliorations sont bénéfiques à vos armes de siège.', 'Vortex', 'Visez un endroit pour y transporter toutes vos unités militaires.', NULL, 'helios.png'),
(47, 'Atlas', 4, 4, 'Titan, dieu des pensées courageuses. Ses améliorations sont bénéfiques à vos bâtiments.', 'Implosion', 'Visez un endroit pour infliger aux unités et bâtiments présents des dégâts énormes. Ce pouvoir est d\'autant plus puissant s\'il est utilisé sur un grand nombre d\'unités ennemies.', NULL, 'atlas.png'),
(48, 'Hécate', 4, 4, 'Titan, déesse de la sorcellerie. Ses améliorations sont bénéfiques à vos unités mythiques.', 'Porte du Tartare', 'Hécate ouvre une porte des enfers par laquelle sortent des créatures hostiles à tous.', NULL, 'hecate.png'),
(49, 'Fu Xi', 5, 1, 'ÉLÉMENTS : Bâtiments et héros. BONUS : Peut utiliser la construction bénie pour accélérer les constructions. Les bâtiments coûtent moins de bois. Les Huit Immortels peuvent tous être formés dès l\'âge archaïque.', 'Année de la chèvre', 'Sélectionner un endroit ou faire apparaître un troupeau de chèvres. Plus vous serez à un âge avancé, plus vous ferez apparaître de chèvres.', '52_53_55_56_58_59', 'fu_xi.png'),
(50, 'Nü Wa', 5, 1, 'ÉLÉMENTS : Économie et unités humaines. BONUS : Les jardins génèrent des faveurs plus rapidement et vous donnent +1 de population. Toutes les unités humaines coûtent moins cher. Les marchés peuvent être construits à l\'âge classique.', 'Récréation', 'Ranime les villageois tombés.', '52_54_55_57_59_60', 'nu_wa.png'),
(51, 'Shennong', 5, 1, 'ÉLÉMENTS : Moines et unités de siège. BONUS : Les moines peuvent convertir les unités mythiques et soigner plus rapidement. Les armes de siège infligent plus de dégâts. Les améliorations de murs coûtent moins cher.', 'Récolte de bois', 'Visez n\'importe où pour que vos villageois amassent du bois plus rapidement.', '53_54_56_57_58_60', 'shennong.png'),
(52, 'Huang Di', 5, 2, 'Dieu et Empereur Jaune. Ses améliorations aident votre économie.', 'Cri de ralliement', 'Visez un de vos groupes d\'unités humaines pour en remplir les rangs', NULL, 'huang_di.png'),
(53, 'Sun Wukong', 5, 2, 'Dieu rebelle et Roi des singes. Ses améliorations aident vos hallebardiers et vos navires. ', 'Grand voyage', 'Visez n\'importe où pour augmenter la vitesse de vos unités.', NULL, 'sun_wukong.png'),
(54, 'Chang\'e', 5, 2, 'Déesse de la Lune. Ses améliorations aident vos archers.', 'Barrage', 'Visez une zone ennemie pour invoquer un barrage de flèches.', NULL, 'chang_e.png'),
(55, 'Dabo Gong', 5, 3, 'Dieu de la prospérité. Ses améliorations aident votre économie.', 'Examen impérial', 'Visez n\'importe où pour que tous vos bâtiments et vos unités se construisent et soient formées plus rapidement.', NULL, 'dabo_gong.png'),
(56, 'Zhong Kui', 5, 3, 'Dieu des démons et des Enfers. Ses améliorations aident vos Immortels.', 'Déracinement', 'Visez n\'importe où pour faire apparaître des racines vivantes.', NULL, 'zhong_kui.png'),
(57, 'He Bo', 5, 3, 'Dieu du fleuve Jaune. Ses améliorations aident vos bâtiments et vos navires.', 'Geyser', 'Visez n\'importe où pour faire apparaître un geyser.', NULL, 'he_bo.png'),
(58, 'Ao Kuang', 5, 4, 'Dieu dragon de la mer orientale. Ses améliorations aident vos soldats humains et vos navires.', 'Déluge', 'Visez près d\'un ennemi pour déchaîner un déluge sur ses bâtiments et noyer ses unités.', NULL, 'ao_kuang.png'),
(59, 'Chongli', 5, 4, 'Dieu du feu. Ses améliorations aident votre cavalerie et vos navires.', 'Feux de l\'enfer', 'Visez un endroit pour déchaîner les feux de l\'enfer.', NULL, 'chongli.png'),
(60, 'Xi Wangmu', 5, 4, 'Déesse et Reine mère de l\'Occident. Ses améliorations aident vos unités de château.', 'Dragon terrestre', 'Sélectionnez un endroit pour invoquer le grand Dragon terrestre.', NULL, 'xi_wangmu.png');

-- --------------------------------------------------------

--
-- Structure de la table `aom_map`
--

DROP TABLE IF EXISTS `aom_map`;
CREATE TABLE IF NOT EXISTS `aom_map` (
  `idMap` int(2) NOT NULL AUTO_INCREMENT,
  `nomMap` varchar(25) NOT NULL,
  `descriptionMap` varchar(255) DEFAULT NULL,
  `enFavori` tinyint(1) NOT NULL DEFAULT '0',
  `imgMap` varchar(255) DEFAULT NULL,
  PRIMARY KEY (`idMap`)
) ENGINE=InnoDB AUTO_INCREMENT=35 DEFAULT CHARSET=utf8;

--
-- Déchargement des données de la table `aom_map`
--

INSERT INTO `aom_map` (`idMap`, `nomMap`, `descriptionMap`, `enFavori`, `imgMap`) VALUES
(1, 'Acropole', 'La partie démarre avec des ressources élevées sur les plateaux et avec des ressources dans les vallées et sur les côtés.', 0, 'acropole.png'),
(2, 'Alfheim', 'Des reliques oubliées et des bêtes terribles se cachent derrière les collines rocailleuses.', 0, 'alfheim.png'),
(3, 'Anatolie', 'Le désert froid au-delà de la Méditerranée est creusé de falaises et des gorges protégeant des mines d\'or.', 0, 'anatolie.png'),
(4, 'Archipel', 'Ce groupe d\'îles inondées de soleil peut isoler les joueurs au hasard.', 0, 'archipel.png'),
(5, 'Bassin', 'De petits lacs de chaque côté de la carte permettent aux joueurs d\'y pêcher sans danger.', 0, 'bassin.png'),
(6, 'Jungle profonde', 'Clairières herbeuses dans un océan d\'arbres. Suivez les chemins qui traversent la forêt pour trouver vos alliés et vos ennemis', 0, 'jungle_profonde.png'),
(7, 'Erèbe', 'Ombres de visages, serpents et rivières de terre fondue dans le royaume des enfers d\'Hadès.', 0, 'erebe.png'),
(8, 'Fleuve jaune', 'Tous les joueurs commencent du même côté d\'un grand fleuve, uniquement avec leurs ressources de départ et sans aucune autre colonie. Ils peuvent attaquer leurs adversaires, ou s\'installer de l\'autre côté du fleuve.', 0, 'fleuve_jaune.png'),
(9, 'Highlands', 'Des collines verdoyantes que délimitent des rivières enjambées par d\'étroits gués défensifs.', 0, 'highlands.png'),
(10, 'Iles', 'Chaque joueur se trouve sur une île distincte, et doit utiliser des moyens de transport pour atteindre les autres. Certaines îles bonus contiennent des ressources, et certaines contiennent même plus de colonies que la normale.', 0, 'iles.png'),
(11, 'Jotunheim', 'Les cols montagneux sont les seules connexions entre les vallées contrôlées par les différentes équipes.', 0, 'jotunheim.png'),
(12, 'Lac fantôme', 'Même si le sinistre lac gelé se trouvant au beau milieu de cette carte ne fond jamais, les constructions y sont impossibles.', 0, 'lac_fantome.png'),
(13, 'Marécages', 'Un dangereux marais entouré de collines verdoyantes. Le centre du marais fourmille de gibier et de reliques.', 0, 'marecages.png'),
(14, 'Méditerranée', 'La campagne entourant la mer intérieure accueille de nombreux troupeaux.', 0, 'mediterranee.png'),
(15, 'Mégalopole', 'Les alliés sont proches les uns des autres au début de la partie et partagent une position étendue et défendable.', 0, 'megalopole.png'),
(16, 'Mer aux serpents', 'Un mystérieux océan couvre la moitié de la carte, toutes les forteresses des joueurs se retrouvant massées du même côté.', 0, 'mer_aux_serpents.png'),
(17, 'Mer Noire', 'Les eaux sombres de cette mer intérieure séparent le territoire de l\'équipe en deux îles.', 0, 'mer_noire.png'),
(18, 'Midgard', 'Il n\'y a pas beaucoup de nourriture sur cette terre glacée, mais les eaux entourant le continent abritent une vie très dense.', 0, 'midgard.png'),
(19, 'Migration', 'Combien de temps pouvez-vous rester sur l\'île où se trouve votre équipe avant de devoir vous déplacer sur l\'île centrale, abritant des ressources supplémentaires ?', 0, 'migration.png'),
(20, 'Mort subite', 'Tout le monde commence avec une citadelle, et aucune colonie n\'est gratuite. Si vous perdez votre citadelle, vous perdez la partie.', 0, 'mort_subite.png'),
(21, 'Nil', 'Un large fleuve sépare les terres désertiques des différentes équipes.', 0, 'nil.png'),
(22, 'Nomade', 'Vos villageois commencent dispersés, sans forum. Vous devez trouver une colonie à occuper pendant la période où les combats ne sont pas possibles.', 0, 'nomade.png'),
(23, 'Oasis', 'La majorité du bois se trouve dans 1 à 4 oasis au centre. Construisez des murs au centre pour empêcher les incursions ennemies.', 0, 'oasis.png'),
(24, 'Prairies', 'Ces étendues vastes sont entourées de forêts et sont idéales pour l\'agriculture. Des pluies régulières font partie intégrante de ces terres.', 0, 'prairies.png'),
(25, 'Régicide', 'Tuez le régent de votre adversaire avant que le vôtre ne périsse ! Tous les joueurs commencent avec une forteresse.', 0, 'regicide.png'),
(26, 'Roi de la colline', 'Dans le centre, sur l\'eau, la glace ou les falaises, il y a une corne d\'abondance. Quiconque la contrôle déclenche un compte à rebours vers la victoire.', 0, 'roi_de_la_colline.png'),
(27, 'Route de la soie', 'Une longue carte où les joueurs peuvent capturer des postes de commerce qui génèrent des ressources de la même manière que les cornes d\'abondance.', 0, 'route_de_la_soie.png'),
(28, 'Savane', 'Les pâturages d\'Afrique offrent beaucoup plus de gibier, mais peu d\'eau.', 0, 'savane.png'),
(29, 'Styx', 'Les eaux mortes des enfers entourent votre île et gênent l\'accès aux îles ennemies et à l\'île bonus située au centre.', 0, 'styx.png'),
(30, 'Toundra', 'Une terre froide et balayée par le vent, avec peu de bois et des troupeaux d\'animaux arctiques.', 0, 'toundra.png'),
(31, 'Trou d\'eau', 'Les troupeaux migrateurs s\'arrêtent à ces mares et rivières pour se désaltérer, mais il n\'y a pas de nourriture disponible.', 0, 'trou_d_eau.png'),
(32, 'Vallée des rois', 'Les joueurs d\'une même équipe partagent une ville pendant que tout l\'or est protégé par des Migdols de brigands.', 0, 'vallee_des_rois.png'),
(33, 'Vieille Atlantide', 'Les joueurs commencent sur des îles reliées par des haut-fonds. Des temples couverts de végétation sont disséminés sur la carte ; une fois réparés, ils peuvent être utilisés par les joueurs.', 0, 'vieille_atlantide.png'),
(34, 'Vinlandsaga', 'Une fois les ressources de votre petite île épuisées, il ne vous reste plus qu\'à voyager vers le Nouveau Monde. Mais prenez garde aux skraelings.', 0, 'vinlandsaga.png');

-- --------------------------------------------------------

--
-- Structure de la table `aom_map_deleted`
--

DROP TABLE IF EXISTS `aom_map_deleted`;
CREATE TABLE IF NOT EXISTS `aom_map_deleted` (
  `idMap` int(2) NOT NULL AUTO_INCREMENT,
  `nomMap` varchar(25) NOT NULL,
  `descriptionMap` varchar(255) DEFAULT NULL,
  `enFavori` tinyint(1) NOT NULL DEFAULT '0',
  `imgMap` varchar(255) DEFAULT NULL,
  PRIMARY KEY (`idMap`)
) ENGINE=InnoDB AUTO_INCREMENT=8 DEFAULT CHARSET=utf8;

-- --------------------------------------------------------

--
-- Structure de la table `aom_unite`
--

DROP TABLE IF EXISTS `aom_unite`;
CREATE TABLE IF NOT EXISTS `aom_unite` (
  `idUnite` int(3) NOT NULL AUTO_INCREMENT,
  `nomUnite` varchar(25) NOT NULL,
  `descriptionUnite` varchar(255) DEFAULT NULL,
  `coutNourriture` int(5) NOT NULL,
  `coutBois` int(5) NOT NULL,
  `coutOr` int(5) NOT NULL,
  `coutFaveur` int(5) NOT NULL,
  `taille` int(2) NOT NULL,
  `idCivilisation` int(1) NOT NULL,
  `idAge` int(1) NOT NULL,
  `estMythique` tinyint(1) NOT NULL DEFAULT '0',
  `idDieu` int(2) DEFAULT NULL,
  `imgUnite` varchar(255) DEFAULT NULL,
  PRIMARY KEY (`idUnite`),
  KEY `FK_idCivilisationUnite` (`idCivilisation`),
  KEY `FK_idAgeUnite` (`idAge`),
  KEY `FK_idDieuUnite` (`idDieu`)
) ENGINE=InnoDB AUTO_INCREMENT=169 DEFAULT CHARSET=utf8;

--
-- Déchargement des données de la table `aom_unite`
--

INSERT INTO `aom_unite` (`idUnite`, `nomUnite`, `descriptionUnite`, `coutNourriture`, `coutBois`, `coutOr`, `coutFaveur`, `taille`, `idCivilisation`, `idAge`, `estMythique`, `idDieu`, `imgUnite`) VALUES
(1, 'Villageois', 'Les villageois amassent des ressources et construisent des bâtiments.', 50, 0, 0, 0, 1, 1, 1, 0, NULL, 'villageois.png'),
(2, 'Jason', 'Héros disponible avec Zeus uniquement. Efficace contre les unités mythiques. ', 100, 0, 50, 0, 2, 1, 1, 0, 1, 'jason.png'),
(3, 'Navire de pêche', 'Amasse du poisson.', 0, 50, 0, 0, 1, 1, 1, 0, NULL, 'G_navire_de_peche.png'),
(4, 'Ulysse', 'Héros archer disponible uniquement avec Zeus. Efficace contre les unités mythiques. ', 0, 200, 0, 2, 2, 1, 2, 0, 1, 'ulysse.png'),
(5, 'Médecin', 'Peut soigner les unités alliées. Ne pas peut attaquer.', 0, 60, 40, 0, 2, 1, 2, 0, NULL, 'medecin.png'),
(6, 'Trirème', 'Navire flèche. Efficace contre les navires marteau.', 0, 100, 50, 0, 2, 1, 2, 0, NULL, 'trireme.png'),
(7, 'Navire de transport', 'Unités de transport. Pas d\'attaque.Cliquez avec le bouton droit pour y entrer. ', 0, 110, 0, 0, 2, 1, 2, 0, NULL, 'G_navire_de_transport.png'),
(8, 'Hoplite', 'Infanterie. Efficace contre la cavalerie.', 50, 0, 40, 0, 2, 1, 2, 0, NULL, 'hoplite.png'),
(9, 'Taxiarque', 'Archer. Efficace contre infanterie.', 0, 55, 35, 0, 2, 1, 2, 0, NULL, 'taxiarque.png'),
(10, 'Acontiste', 'Cavalerie. Efficace contre les archers. ', 40, 0, 80, 0, 3, 1, 2, 0, NULL, 'acontiste.png'),
(11, 'Héraclès', 'Héros disponible uniquement avec Zeus. Efficace contre les unités mythiques. ', 200, 150, 0, 4, 3, 1, 3, 0, 1, 'heracles.png'),
(12, 'Pentecontère', 'Navire marteau.Efficace contre les navires de siège. ', 0, 100, 50, 0, 2, 1, 3, 0, NULL, 'pentecontere.png'),
(13, 'Juggernaut', 'Navire de siège. Efficace contre les navires flèche et les bâtiments.', 0, 100, 100, 0, 3, 1, 3, 0, NULL, 'juggernaut.png'),
(14, 'Hypaspiste', 'Contre-infanterie. Unité d\'infanterie efficace uniquement contre d\'autres unités d\'infanterie. ', 60, 0, 25, 0, 2, 1, 3, 0, NULL, 'hypaspiste.png'),
(15, 'Peltaste', 'Contre-archers. Archers efficaces uniquement contre d\'autres archers. ', 0, 60, 20, 0, 2, 1, 3, 0, NULL, 'peltaste.png'),
(16, 'Podromos', 'Contre-cavalerie. Cavalerie efficace uniquement contre d\'autres unités de cavalerie. ', 70, 0, 40, 0, 3, 1, 3, 0, NULL, 'podromos.png'),
(17, 'Caravane de mulets', 'Affectez la caravane à un forum pour collecter et ramener de l\'or à votre marché. Les routes plus longes produisent davantage d\"or. ', 100, 0, 0, 0, 1, 1, 3, 0, NULL, 'caravane_de_mulets.png'),
(18, 'Lance-pierres', 'Arme de siège. Artillerie à portée efficace contre les bâtiments. ', 0, 150, 200, 0, 3, 1, 3, 0, NULL, 'lance_pierres.png'),
(19, 'Bellérophon', 'Héros sur pégase disponible uniquement avec Zeus. Efficace contre les unités mythiques. ', 0, 0, 400, 6, 4, 1, 4, 0, 1, 'bellerophon.png'),
(20, 'Myrmidon', 'Infanterie disponible uniquement avec Zeus. Efficace contre les soldats humains égyptiens, scandinaves et atlantéens. Bénéficie des améliorations de l\'infanterie.', 70, 0, 50, 0, 3, 1, 4, 0, 1, 'myrmidon.png'),
(21, 'Hélépolis', 'Arme de siège. Une tour roulante qui peut transporter des unités et lancer des éclairs de baliste contre les bâtiments.', 0, 300, 200, 0, 5, 1, 4, 0, NULL, 'helepolis.png'),
(22, 'Thésée', 'Héros disponible uniquement avec Poséidon. Efficace contre les unités mythiques. ', 100, 0, 50, 0, 2, 1, 1, 0, 2, 'thesee.png'),
(23, 'Hippocampe', 'Éclaireur naval disponible uniquement avec Poséidon. Est incapable d\'attaquer, mais se régénère quand on le tue. ', 0, 0, 0, 0, 0, 1, 1, 0, 2, 'hippocampe.png'),
(24, 'Hippolyte', 'Héros archer disponible uniquement avec Poséidon. Efficace contre les unités mythiques. ', 0, 200, 0, 2, 2, 1, 2, 0, 2, 'hippolyte.png'),
(25, 'Atalante', 'Héros rapide disponible uniquement avec Poséidon. Efficace contre les unités mythiques.', 0, 350, 0, 4, 3, 1, 3, 0, 2, 'atalante.png'),
(26, 'Polyphème', 'Héros cyclope disponible uniquement avec Poséidon. Efficace contre les unités mythiques.', 0, 0, 400, 6, 4, 1, 4, 0, 2, 'polypheme.png'),
(27, 'Hétairoi', 'Cavalerie disponible uniquement avec Poséidon. Efficace contre les bâtiments. Elle bénéficie des améliorations de la cavalerie.', 50, 0, 81, 0, 3, 1, 4, 0, 2, 'hetairoi.png'),
(28, 'Ajax', 'Héros disponible uniquement avec Hadès. Efficace contre les unités mythiques. ', 100, 0, 50, 0, 2, 1, 1, 0, 3, 'ajax.png'),
(29, 'Chiron', 'Héros centaure disponible uniquement avec Hadès. Efficace contre les unités mythiques. ', 0, 200, 0, 2, 2, 1, 2, 0, 3, 'chiron.png'),
(30, 'Achille', 'Héros de type cavalerie disponible uniquement avec Hadès. Efficace contre les unités mythiques.', 200, 150, 0, 4, 3, 1, 3, 0, 3, 'achille.png'),
(31, 'Persée', 'Héros à tête de méduse disponible uniquement avec Hadès. Efficace contre les unités mythiques.', 0, 0, 400, 6, 4, 1, 4, 0, 3, 'persee.png'),
(32, 'Gastraphète', 'Archer disponible uniquement avec Hadès. Efficace contre l\'infanterie et les bâtiments. Profite des améliorations apportées aux archers.', 0, 110, 70, 0, 3, 1, 4, 0, 3, 'gastraphete.png'),
(33, 'Laboureur', 'Les villageois amassent des ressources et construisent des bâtiments.', 50, 0, 0, 0, 1, 2, 1, 0, NULL, 'laboureur.png'),
(34, 'Pharaon', 'Héros qui donne du pouvoir aux bâtiments, soigne les unités, récupère des reliques et jouit d\'une grande force contre les unités mythiques. Un successeur le remplace s\'il meurt.', 0, 0, 0, 0, 0, 2, 1, 0, NULL, 'pharaon.png'),
(35, 'Prêtre', 'Héros pouvant soigner les unités alliés, contrer les unités mythiques et appeler les obélisques. Sa capacité au combat augmente au fil des âges. ', 0, 0, 100, 0, 2, 2, 1, 0, NULL, 'pretre.png'),
(36, 'Mercenaire', 'Les mercenaires s’entraînent rapidement, mais ils sont coûteux et ne durent pas très longtemps. ', 0, 0, 90, 0, 0, 2, 1, 0, NULL, 'mercenaire.png'),
(37, 'Navire de pêche', 'Amasse du poisson et peut construire quelques bâtiments. ', 0, 50, 0, 0, 1, 2, 1, 0, NULL, 'E_navire_de_peche.png'),
(38, 'Kebenit', 'Navire flèche. Efficace contre les navires marteau.', 0, 100, 50, 0, 2, 2, 2, 0, NULL, 'kebenit.png'),
(39, 'Navire de transport', 'Unités de transport. Pas d\'attaque. Cliquez sur le bouton droit pour y entrer.', 0, 110, 0, 0, 2, 2, 2, 0, NULL, 'E_navire_de_transport.png'),
(40, 'Lancier', 'Contre-cavalerie. Unité d\'infanterie efficace uniquement contre la cavalerie.', 50, 0, 20, 0, 2, 2, 2, 0, NULL, 'lancier.png'),
(41, 'Homme d\'armes', 'Contre-infanterie. Unité d\'infanterie efficace uniquement contre d\'autres unités d\'infanterie.', 40, 0, 30, 0, 2, 2, 2, 0, NULL, 'homme_d_armes.png'),
(42, 'Frondeur', 'Contre-archer. Archer efficace uniquement contre d\'autres archers.', 0, 60, 24, 0, 2, 2, 2, 0, NULL, 'frondeur.png'),
(43, 'Fantassin à khopesh', 'Infanterie. Efficace contre les villageois.', 30, 0, 30, 0, 2, 2, 2, 0, NULL, 'fantassin_a_khopesh.png'),
(44, 'Cavalerie de mercenaires', 'Les mercenaires s’entraînent rapidement, mais ils sont coûteux et ne durent pas très longtemps.', 0, 0, 120, 0, 0, 2, 3, 0, NULL, 'cavalerie_de_mercenaires.png'),
(45, 'Galère éperon', 'Navire marteau. Efficace contre les navires siège. ', 0, 100, 50, 0, 2, 2, 3, 0, NULL, 'galere_eperon.png'),
(46, 'Barge de guerre', 'Navire de siège. Efficace contre les navires flèche et les bâtiments.', 0, 100, 100, 0, 3, 2, 3, 0, NULL, 'barge_de_guerre.png'),
(47, 'Archer sur char', 'Archer. Efficace contre l\'infanterie.', 0, 100, 40, 0, 3, 2, 3, 0, NULL, 'archer_sur_char.png'),
(48, 'Méharée', 'Cavalerie. Une unité rapide et coûteuse qui est efficace contre les archers et la cavalerie.', 50, 0, 70, 0, 3, 2, 3, 0, NULL, 'meharee.png'),
(49, 'Éléphant de guerre', 'Cavalerie. Une unité forte, lente, coûteuse et efficace contre les bâtiments et tout ce qui se met sur son chemin. ', 180, 0, 70, 0, 5, 2, 3, 0, NULL, 'elephant_de_guerre.png'),
(50, 'Caravane de méharis ', 'Affectez la caravane à un forum pour collecter et ramener de l\'or à votre marché. Les routes plus longues produisent davantage d\'or. ', 100, 0, 0, 0, 1, 2, 3, 0, NULL, 'caravane_de_meharis.png'),
(51, 'Tour de siège', 'Arme de siège. Une tour roulante qui peut transporter des unités, lancer des flèches et éperonner des bâtiments. ', 0, 200, 100, 0, 3, 2, 3, 0, NULL, 'tour_de_siege.png'),
(52, 'Catapulte ', 'Arme de siège. Artillerie à portée forte  contre les bâtiments et les navires.', 0, 200, 200, 0, 4, 2, 4, 0, NULL, 'lance_pierres.png'),
(54, 'Amasseur', 'Les amasseurs scandinaves peuvent uniquement amasser des ressources et construire des fermes. Utilisez l\'infanterie pour construire des bâtiments. ', 50, 0, 0, 0, 1, 3, 1, 0, NULL, 'amasseur.png'),
(55, 'Nain', 'Les nains sont efficace pour exploiter des mines d\'or, mais ils ne sont pas bons pour amasser de la nourriture et du bois.', 0, 0, 70, 0, 1, 3, 1, 0, NULL, 'nain.png'),
(56, 'Ulfsark', 'Infanterie. Efficace contre la cavalerie. ', 50, 0, 30, 0, 2, 3, 1, 0, NULL, 'ulfsark.png'),
(57, 'Char à boeufs', 'Dépôt mobile scandinave pour la nourriture, le bois et l\'or.', 50, 50, 0, 0, 1, 3, 1, 0, NULL, 'char_a_boeufs.png'),
(58, 'Navire de pêche', 'Amasse du poisson. ', 0, 50, 0, 0, 1, 3, 1, 0, NULL, 'S_navire_de_peche.png'),
(59, 'Hersir', 'Héros d\'infanterie. Efficace contre les unités mythiques. Génère des faveurs plus rapidement. ', 80, 0, 40, 0, 3, 3, 1, 0, NULL, 'hersir.png'),
(60, 'Chaloupe', 'Navire flèche. Efficace contre les navires marteau. Peut transporter 5 unités.', 0, 100, 50, 0, 2, 3, 2, 0, NULL, 'chaloupe.png'),
(61, 'Navire de transport', 'Unités de transport. Pas d\'attaque. Cliquez avec le bouton droit pour y entrer. ', 0, 105, 0, 0, 2, 3, 2, 0, NULL, 'S_navire_de_transport.png'),
(62, 'Lanceur de hache ', 'Infanterie. Efficace uniquement contre d\'autres unités d\'infanteries.', 0, 50, 40, 0, 2, 3, 2, 0, NULL, 'lanceur_de_hache.png'),
(63, 'Cavalerie offensive', 'Contre-archer. Cavalerie efficace uniquement contre les archers. ', 40, 0, 50, 0, 2, 3, 2, 0, NULL, 'cavalerie_offensive.png'),
(64, 'Drakkar', 'Navire marteau. Efficace contre les navires de siège.', 0, 100, 50, 0, 2, 3, 3, 0, NULL, 'drakkar.png'),
(65, 'Navire dragon', 'Navire de siège. Efficace contre les navires flèche et les bâtiments.', 0, 100, 100, 0, 3, 3, 3, 0, NULL, 'navire_dragon.png'),
(66, 'Caravane de boeufs', 'Affectez la caravane à un forum pour collecter et ramener de l\'or à votre marché. Les routes plus longues produisent davantage d\'or.', 100, 0, 0, 0, 1, 3, 3, 0, NULL, 'caravane_de_boeufs.png'),
(67, 'Hurskarl', 'Contre-archers. Unité d\'infanterie efficace uniquement contre les archers.', 0, 75, 40, 0, 2, 3, 3, 0, NULL, 'hurskarl.png'),
(68, 'Jarl', 'Cavalerie d\'élite. Efficace contre les unités mythiques.', 50, 0, 80, 0, 3, 3, 3, 0, NULL, 'jarl.png'),
(69, 'Bogsveigir', 'Archer. Efficace contre les unités volantes. ', 0, 80, 40, 0, 2, 3, 3, 0, NULL, 'bogsveigir.png'),
(70, 'Bélier portable', 'Arme de siège. Ces soldats portent un bélier pour enfoncer les murs ou d\'autres bâtiments. ', 0, 125, 125, 0, 3, 3, 3, 0, NULL, 'belier_portable.png'),
(71, 'Baliste', 'Arme de siège. Artillerie puissante contre les unités et les navires, acceptable contre les bâtiments. ', 0, 150, 150, 0, 3, 3, 4, 0, NULL, 'baliste.png'),
(72, 'Citoyen', 'Les citoyens atlantéens amassent des ressources et construisent des bâtiments. Ils ne déposent pas leurs ressources dans les dépôts.', 125, 25, 0, 0, 3, 4, 1, 0, NULL, 'citoyen.png'),
(73, 'Navire de pêche', 'Amasse du poisson.', 0, 50, 0, 0, 1, 4, 1, 0, NULL, 'A_navire_de_peche.png'),
(74, 'Oracle', 'Éclaireur. Son champ de vision s\'étend rapidement lorsqu\'il reste immobile. Ne possède pas d\'attaque.', 25, 0, 35, 0, 1, 4, 1, 0, NULL, 'oracle.png'),
(75, 'Birème', 'Navire flèche. Efficace contre les navires marteau et les navires de feu.', 0, 80, 40, 0, 2, 4, 2, 0, NULL, 'bireme.png'),
(76, 'Navire de transport', 'Unités de transport. Pas d\'attaque. Cliquez avec le bouton droit pour y entrer.', 0, 110, 0, 0, 2, 4, 2, 0, NULL, 'A_navire_de_transport.png'),
(77, 'Katapeltes', 'Contre-cavalerie. Unité d\'infanterie efficace uniquement contre la cavalerie.', 60, 0, 35, 0, 2, 4, 2, 0, NULL, 'katapeltes.png'),
(78, 'Tuma', 'Contre-archer. Archer efficace uniquement contre d\'autres archers. ', 0, 50, 45, 0, 2, 4, 2, 0, NULL, 'tuma.png'),
(79, 'Chierobaliste', 'Contre-infanterie. Arme de siège efficace uniquement contre l\'infanterie et les navires. ', 0, 104, 90, 0, 4, 4, 2, 0, NULL, 'chierobaliste.png'),
(80, 'Navire de feu', 'Navire de feu. Efficace contre les navires de siège. ', 0, 100, 50, 0, 2, 4, 3, 0, NULL, 'A_navire_de_feu.png'),
(81, 'Birème de siège', 'Navire de siège. Efficace contre les navires flèche et les bâtiments. ', 0, 90, 81, 0, 3, 4, 3, 0, NULL, 'bireme_de_siege.png'),
(82, 'Contarius', 'Cavalerie. Efficace contre les archers. ', 60, 0, 40, 0, 3, 4, 3, 0, NULL, 'contarius.png'),
(83, 'Arcus', 'Archer. Efficace contre l\'infanterie.', 0, 60, 35, 0, 2, 4, 3, 0, NULL, 'arcus.png'),
(84, 'Caravane de lamas', 'Affectez la caravane à un forum pour collecter et ramener de l\'or à votre marché. Les routes les plus longues produisent davantage d\'or. ', 100, 0, 0, 0, 1, 4, 3, 0, NULL, 'caravane_de_lamas.png'),
(85, 'Destructeur', 'Infanterie. Efficace uniquement contre les bâtiments. Bénéficie des améliorations de l\'infanterie.', 63, 0, 54, 0, 3, 4, 3, 0, NULL, 'destructeur.png'),
(86, 'Fanatique', 'Infanterie. Efficace contre tous les soldats militaires non-archers. Bénéficie des améliorations de l\'infanterie. ', 75, 0, 55, 0, 3, 4, 4, 0, NULL, 'fanatique.png'),
(87, 'Onagre', 'Arme de siège. Artillerie à distance efficace contre les bâtiments et les navires.', 0, 135, 135, 0, 3, 4, 4, 0, NULL, 'onagre.png'),
(88, 'Siphon de feu', 'Arme de siège lançant des flammes. Très efficace contre les bâtiments.', 0, 248, 162, 0, 5, 4, 4, 0, NULL, 'siphon_de_feu.png'),
(89, 'Paysan', 'Les paysans amassent des ressources et construisent des bâtiments.', 50, 0, 0, 0, 1, 5, 1, 0, NULL, 'paysan.png'),
(90, 'Immortel', 'Héros. Efficace contre les unités mythiques.', 80, 0, 40, 0, 2, 5, 1, 0, NULL, 'immortel.png'),
(91, 'Navire de pêche', 'Amasse du poisson.', 0, 50, 0, 0, 1, 5, 1, 0, NULL, 'C_navire_de_peche.png'),
(92, 'Jonque', 'Navire flèche. Efficace contre les navire marteau.', 0, 100, 50, 0, 2, 5, 2, 0, NULL, 'jonque.png'),
(93, 'Navire de transport', 'Unités de transport. Pas d\'attaque. Cliquez sur le bouton droit pour y entrer.', 0, 110, 0, 0, 2, 5, 2, 0, NULL, 'C_navire_de_transport.png'),
(94, 'Hallebardier', 'Infanterie. Efficace contre la cavalerie.', 50, 0, 30, 0, 2, 5, 2, 0, NULL, 'hallebardier.png'),
(95, 'Chu Ko Nu', 'Archer. Efficace contre l\'infanterie.', 0, 60, 40, 0, 2, 5, 2, 0, NULL, 'chu_ko_nu.png'),
(96, 'Cavalerie d\'éclairage', 'Les éclaireurs sont parfaits pour l\'exploration mais sont faibles au combat.', 30, 0, 40, 0, 1, 5, 2, 0, NULL, 'cavalerie_d_eclairage.png'),
(97, 'Moine', 'Héros. Efficace contre les unités mythiques. ', 0, 0, 100, 0, 2, 5, 3, 0, NULL, 'moine.png'),
(98, 'Navire de feu', 'Navire de feu. Efficace contre les navires de siège.', 0, 100, 50, 0, 2, 5, 3, 0, NULL, 'C_navire_de_feu.png'),
(99, 'Jonque de siège', 'Navire de siège. Efficace contre les navires flèche et les bâtiments.', 0, 100, 100, 0, 3, 5, 3, 0, NULL, 'jonque_de_siege.png'),
(100, 'Cataphracte', 'Contre l\'infanterie. Cavalerie efficace uniquement contre l\'infanterie.', 70, 0, 50, 0, 2, 5, 3, 0, NULL, 'cataphracte.png'),
(101, 'Archer monté', 'Contre la cavalerie. Archer efficace uniquement contre la cavalerie.', 0, 75, 55, 0, 2, 5, 3, 0, NULL, 'archer_monte.png'),
(102, 'Général', 'Cavalerie peut augmenter le moral avec un cri de guerre.', 180, 0, 140, 0, 3, 5, 3, 0, NULL, 'general.png'),
(103, 'Lance de feu', 'Arme de siège. Efficace contre les archers et les bâtiments.', 0, 60, 60, 0, 2, 5, 3, 0, NULL, 'lance_de_feu.png'),
(104, 'Caravane de yak', 'Affectez la caravane à un forum pour collecter et ramener de l\'or à votre marché. Les routes les plus longues produisent davantage d\'or.', 100, 0, 0, 0, 1, 5, 3, 0, NULL, 'caravane_de_yak.png'),
(105, 'Char de guerre ', 'Cavalerie. Efficace contre les archers.', 100, 0, 100, 0, 3, 5, 4, 0, NULL, 'char_de_guerre.png'),
(106, 'Tigre assis', 'Arme de siège. Unité d\'artillerie à distance efficace contre les bâtiments. ', 0, 200, 200, 0, 4, 5, 4, 0, NULL, 'tigre_assis.png'),
(107, 'Pégase', 'Unité mythique. Eclaireur volant. N\'a pas la capacité d\'attaquer. Ne peut être attaqué que par des unités à portée.', 50, 0, 0, 2, 1, 1, 1, 1, 1, 'pegase.png'),
(108, 'Minotaure', 'Unité mythique. Hommes-taureaux qui attaquent avec les cornes.', 200, 0, 0, 14, 4, 1, 2, 1, 4, 'minotaure.png'),
(109, 'Centaure', 'Unité mythique. Un archer de cavalerie qui se déplace rapidement qui est doté d\'un tir précis d\'attaque spéciale.', 0, 200, 0, 12, 3, 1, 2, 1, 5, 'centaure.png'),
(110, 'Manticore', 'Unité mythique. Une bête à portée qui lance une volée de pointes avec sa queue.', 0, 300, 0, 25, 5, 1, 3, 1, 7, 'manticore.png'),
(111, 'Hydre', 'Unité mythique. Il lui pousse des têtes lorsque\'elle tue les soldats ou les unités mythiques de l\'ennemi.', 250, 0, 0, 28, 5, 1, 3, 1, 8, 'hydre.png'),
(112, 'Colosse d\'argent', 'Unité mythique. Cette construction titanesque peut absorber des arbres ou des mines d\'or pour se soigner.', 0, 0, 300, 25, 5, 1, 4, 1, 10, 'colosse_d_argent.png'),
(113, 'Méduse', 'Unité mythique. Pétrifie la plupart des unités qui sont à sa portée. ', 0, 0, 250, 28, 5, 1, 4, 1, 11, 'meduse.png'),
(114, 'Cyclope', 'Unité mythique. Géants qui jettent les unités ennemies les unes sur les autres.', 250, 0, 0, 18, 4, 1, 2, 1, 6, 'cyclope.png'),
(115, 'Lion néméen', 'Unité mythique. Le hurlement fait des dégâts chez tous les ennemis de la zone.', 0, 0, 250, 22, 4, 1, 3, 1, 9, 'lion_nemeen.png'),
(116, 'Chimère', 'Unité mythique. Peuvent cracher du feu  sur les unités voisines.', 0, 0, 300, 30, 4, 1, 4, 1, 12, 'chimere.png'),
(117, 'Anubite', 'Unité mythique. Une monstre très rapide, qui bondit sur ses adversaires au combat.', 100, 0, 0, 15, 3, 2, 2, 1, 16, 'anubite.png'),
(118, 'Sphinx', 'Unité mythique. Unité rapide se changeant en vortex de sable pour attaquer. Efficace contre les bâtiments. ', 120, 0, 0, 18, 4, 2, 2, 1, 17, 'sphinx.png'),
(119, 'Petesoukhos', 'Unité mythique. Crocodile incrusté de joyaux émettant un rayon de lumière solaire concentrée.', 0, 0, 200, 15, 4, 2, 3, 1, 19, 'petesoukhos.png'),
(120, 'Léviathan', 'Unité mythique. Transport naval vivant. Cliquez avec le bouton droit pour y entrer. ', 0, 0, 200, 15, 4, 2, 3, 1, 20, 'leviathan.png'),
(121, 'Momie', 'Unité mythique. Pharaons morts-vivants qui peuvent transformer les unités ennemies en serviteurs.', 0, 0, 200, 25, 5, 2, 4, 1, 22, 'momie.png'),
(122, 'Phénix', 'Unité mythique. Attaque les unités depuis les airs. Ne peut être attaqué que par des unités à portée.', 0, 0, 200, 25, 5, 2, 4, 1, 23, 'phenix.png'),
(123, 'Wadjet', 'Unité mythique. Cobra magique cracheur de venin, se régénère.', 0, 150, 0, 15, 3, 2, 2, 1, 18, 'wadjet.png'),
(124, 'Scarabée', 'Unité mythique. Insectes lourds qui sont des armes de siège vivantes.', 300, 0, 0, 18, 5, 2, 3, 1, 21, 'scarabee.png'),
(125, 'Vengeur', 'Unité mythique. Une unité rapide qui peut attaquer plusieurs ennemis à la fois.', 250, 0, 0, 25, 4, 2, 4, 1, 24, 'vengeur.png'),
(126, 'Walkyrie', 'Unité mythique. Une vierge guerrière qui peut soigner les unités alliées.', 200, 0, 0, 18, 4, 3, 2, 1, 30, 'walkyrie.png'),
(127, 'Einheriar', 'Unité mythique lente. Sonne le cor pour remonter le moral. Puissantes contre les bâtiments. ', 0, 0, 175, 15, 3, 3, 2, 1, 29, 'einheriar.png'),
(128, 'Kraken', 'Unité mythique. Les krakens peuvent couler les navires ou lancer les soldats.', 300, 0, 0, 20, 5, 3, 3, 1, 31, 'kraken.png'),
(129, 'Géant mont', 'Unité mythique. Brute énorme qui écrase les unités les plus petites et pulvérise les bâtiments avec sa massue.', 250, 0, 0, 25, 5, 3, 3, 1, 31, 'geant_mont.png'),
(130, 'Géant de givre', 'Unité mythique. Une géant qui peut geler d\'autres unités avec son haleine.', 0, 0, 200, 22, 5, 3, 3, 1, 32, 'geant_de_givre.png'),
(131, 'Géant de feu', 'Unité mythique. Un engin de destruction puissant qui projette des boules de feu sur l\'ennemi.', 0, 0, 300, 28, 5, 3, 4, 1, 34, 'geant_de_feu.png'),
(132, 'Portée de Fenris', 'Unité mythique. Plus la meute de loups de Fenris est grande, plus elle est forte.', 0, 0, 150, 15, 3, 3, 4, 1, 35, 'portee_de_fenris.png'),
(133, 'Troll', 'Unité mythique. Un archer lent, mais fort.', 0, 160, 0, 15, 3, 3, 2, 1, 28, 'troll.png'),
(134, 'Sanglier de guerre', 'Unité mythique. Construction au déplacement rapide, qui part en furie et fait fuir les unités alentour.', 0, 0, 250, 27, 4, 3, 3, 1, 33, 'sanglier_de_guerre.png'),
(135, 'Portée Jormund', 'Unité mythique. Serpent de mer soufflant de la vapeur.', 200, 0, 0, 15, 3, 3, 4, 1, 35, 'portee_jormund.png'),
(136, 'Géant de feu', 'Unité mythique. Un engin de destruction puissant qui projette des boules de feu sur l\'ennemi. ', 0, 0, 300, 26, 5, 3, 4, 1, 36, 'geant_de_feu.png'),
(137, 'Géant de givre', 'Unité mythique. Une géant qui peut geler d\'autres unités avec son haleine.', 0, 0, 200, 20, 5, 3, 4, 1, 36, 'geant_de_givre.png'),
(138, 'Géant mont', 'Unité mythique. Brute énorme qui écrase les unités plus petites et pulvérise les bâtiments avec sa massue.', 250, 0, 0, 23, 5, 3, 4, 1, 36, 'geant_mont.png'),
(139, 'Prométhéen', 'Unité mythique. Ces hommes d\'argile se scindent en deux lorsqu\'ils sont tués.', 0, 0, 72, 9, 3, 4, 2, 1, 40, 'prometheen.png'),
(140, 'Automate', 'Unité mythique. Hommes de métal capables de se réparer et de se reconstruire mutuellement.', 0, 0, 81, 6, 2, 4, 2, 1, 41, 'automate.png'),
(141, 'Satyre', 'Unité mythique à portée.', 0, 225, 0, 0, 3, 4, 3, 1, 43, 'satyre.png'),
(142, 'Néréide', 'Unité mythique. Efficace contre les autres unités mythiques aquatiques.', 0, 0, 180, 14, 3, 4, 3, 1, 43, 'nereide.png'),
(143, 'Béhémot', 'Unité mythique. Arme de siège vivante capable de se régénerer.', 270, 0, 0, 18, 5, 4, 3, 1, 44, 'behemot.png'),
(144, 'Guerrier', 'Unité mythique. Capable de lancer des attaques foudroyantes en chaîne.', 270, 0, 0, 14, 5, 4, 4, 1, 46, 'guerrier.png'),
(145, 'Géants d\'Héca', 'Unité mythique. Ce puissant géant frappe le sol pour assommer ses ennemis de ses coups. ', 0, 0, 270, 23, 5, 4, 4, 1, 46, 'geants_d_heca.png'),
(146, 'Argos', 'Unité mythique. Peut attaquer en projetant des attaques d\'acide tuant instantanément ses advesaires.', 0, 0, 225, 23, 5, 4, 4, 1, 47, 'argos.png'),
(147, 'Serviteur', 'Unité mythique. Peut guérir les unités alliées, particulièrement les navires.', 0, 0, 125, 12, 3, 4, 2, 1, 42, 'serviteur.png'),
(148, 'Caladrius', 'Unité mythique. Soigne les unités alliées. N\'attaque pas et n\'est attaquée que par des unités à portée.', 0, 100, 25, 10, 2, 4, 2, 1, 42, 'caladrius.png'),
(149, 'Oiseau de Stymphalian', 'Unité mythique à portée. Attaque depuis les airs. Ne peut être attaqué que par des unités à portée.', 0, 200, 50, 25, 4, 4, 3, 1, 45, 'oiseau_de_stymphalian.png'),
(150, 'Lampades', 'Unité mythique. Peut invoquer le chaos pour frapper les unités à distance.', 0, 0, 250, 25, 5, 4, 4, 1, 48, 'lampades.png'),
(151, 'Guerrier de terre cuite', 'Unité mythique. Redonne une partie de son coût à sa mort. Projette une poussière mortelle.', 0, 120, 0, 10, 2, 5, 2, 1, 52, 'guerrier_de_terre_cuite.png'),
(152, 'Roi des singes', 'Unité mythique. Assomme les unités.', 100, 0, 0, 15, 3, 5, 2, 1, 53, 'roi_des_singes.png'),
(153, 'Pixiu', 'Unité mythique. Lion ailé qui génère de l\'air en combattant.', 0, 0, 250, 22, 4, 5, 2, 1, 55, 'pixiu.png'),
(154, 'Jiangshi', 'Unité mythique. Unité mort-vivante qui absorbe la vie des soldats ennemis.', 0, 250, 0, 25, 4, 5, 2, 1, 56, 'jiangshi.png'),
(155, 'Dragon azur', 'Unité mythique. Dragon crachant du feu.', 0, 0, 300, 30, 4, 5, 4, 1, 58, 'dragon_azur.png'),
(156, 'Tortue dragon', 'Unité mythique. Tortue crachant du feu.', 290, 0, 0, 18, 5, 5, 4, 1, 58, 'tortue_dragon.png'),
(157, 'Oiseau vermillon', 'Unité mythique. Provoque des tempêtes de feu.', 0, 0, 300, 30, 5, 5, 4, 1, 59, 'oiseau_vermillon.png'),
(158, 'Qilin', 'Unité mythique. Insensible à la plupart des pouvoirs, soigne les unités mourantes.', 200, 0, 0, 14, 4, 5, 2, 1, 54, 'qilin.png'),
(159, 'Salamandre de guerre', 'Unité mythique. Unité amphibie pouvant combattre sur terre et dans les mers.', 200, 0, 0, 15, 4, 5, 3, 1, 57, 'salamandre_de_guerre.png'),
(160, 'Tigre blanc', 'Unité mythique. Bondit au combat.', 300, 0, 0, 27, 4, 5, 4, 1, 60, 'tigre_blanc.png'),
(161, 'Carcinos', 'Unité mythique. Un crustacé qui détruit les navires. ', 0, 200, 0, 15, 4, 1, 4, 1, 11, 'carcinos.png'),
(162, 'Roc', 'Unité mythique. Transport aérien. Pas d\'attaque, mais ne peut être attaqué que par les unités à portée. Cliquez avec le bouton droit pour y entrer. ', 0, 0, 150, 15, 3, 2, 3, 1, 19, 'roc.png'),
(163, 'Homme scorpion', 'Unité mythique. Attaque avec un dard venimeux. ', 0, 150, 0, 22, 4, 2, 3, 1, 20, 'homme_scorpion.png'),
(164, 'Tortue de guerre', 'Unité mythique. Un béhémot qui détruit les navires en les éjectant hors de l\'eau.', 300, 0, 0, 15, 5, 2, 4, 1, 23, 'tortue_de_guerre.png'),
(165, 'Scylla', 'Unité mythique. Il lui pousse des têtes lorsqu\'elle tue les soldats ou les unités mythiques de l\'ennemi.', 0, 0, 200, 20, 5, 1, 3, 1, 8, 'scylla.png'),
(166, 'Mirmillon', 'Infanterie. Efficace contre la cavalerie. ', 55, 0, 30, 0, 2, 4, 2, 0, NULL, 'mirmillon.png'),
(167, 'Corbeau', 'Unité mythique. Éclaireur volant. N\'a pas la capacité d\'attaquer. Ne peut être attaqué que par des unités à portée. ', 0, 0, 0, 0, 0, 3, 1, 1, 25, 'corbeau.png'),
(168, 'Ombre d\'Hadès', 'Soldats défunts d\'Hadès revenus du monde des morts.', 0, 0, 0, 0, 1, 1, 1, 1, 3, 'ombre_d_hades.png');

--
-- Contraintes pour les tables déchargées
--

--
-- Contraintes pour la table `aom_amelioration`
--
ALTER TABLE `aom_amelioration`
  ADD CONSTRAINT `FK_idBatimentAmelioration` FOREIGN KEY (`idBatimentConcerne`) REFERENCES `aom_batiment` (`idBatiment`),
  ADD CONSTRAINT `FK_idDieuAmelioration` FOREIGN KEY (`idDieu`) REFERENCES `aom_dieu` (`idDieu`);

--
-- Contraintes pour la table `aom_batiment`
--
ALTER TABLE `aom_batiment`
  ADD CONSTRAINT `FK_idAgeBatiment` FOREIGN KEY (`idAge`) REFERENCES `aom_age` (`idAge`),
  ADD CONSTRAINT `FK_idCivilisationBatiment` FOREIGN KEY (`idCivilisation`) REFERENCES `aom_civilisation` (`idCivilisation`);

--
-- Contraintes pour la table `aom_dieu`
--
ALTER TABLE `aom_dieu`
  ADD CONSTRAINT `FK_idAgeDieu` FOREIGN KEY (`idAge`) REFERENCES `aom_age` (`idAge`),
  ADD CONSTRAINT `FK_idCivilisationDieu` FOREIGN KEY (`idCivilisation`) REFERENCES `aom_civilisation` (`idCivilisation`);

--
-- Contraintes pour la table `aom_unite`
--
ALTER TABLE `aom_unite`
  ADD CONSTRAINT `FK_idAgeUnite` FOREIGN KEY (`idAge`) REFERENCES `aom_age` (`idAge`),
  ADD CONSTRAINT `FK_idCivilisationUnite` FOREIGN KEY (`idCivilisation`) REFERENCES `aom_civilisation` (`idCivilisation`),
  ADD CONSTRAINT `FK_idDieuUnite` FOREIGN KEY (`idDieu`) REFERENCES `aom_dieu` (`idDieu`);
COMMIT;

/*!40101 SET CHARACTER_SET_CLIENT=@OLD_CHARACTER_SET_CLIENT */;
/*!40101 SET CHARACTER_SET_RESULTS=@OLD_CHARACTER_SET_RESULTS */;
/*!40101 SET COLLATION_CONNECTION=@OLD_COLLATION_CONNECTION */;
